Time, TempBase, WarpMax, T_Tip_Peel, T_Tip_Shear, T_Tip_SEQV, T_Tip_Strain, T_Avg_Peel, T_Avg_Shear, B_Tip_Peel, B_Tip_Shear, B_Tip_SEQV, B_Tip_Strain, B_Avg_Peel, B_Avg_Shear, Die_SX, Die_SY_Max
0.1, 119.770416, -8.510533212E-02, -27.6230238, -4.5625309, 29.9599112, 1.675898702E-03, -2.158064612E-03, -2.42487908, -7.72676392, -2.1692868, 23.4925801, 1.743336185E-03, -1.996086505E-02, -2.46383275, 57.3017879, -74.7892746
0.2, 119.336937, -8.35595045E-02, -27.0047275, -4.28731573, 29.1512381, 1.641268032E-03, -1.747551172E-03, -2.36289702, -7.62226102, -2.15261155, 23.2435026, 1.728231472E-03, -1.929712656E-02, -2.40820219, 56.358016, -72.7165758
0.35, 116.154266, -7.970882379E-02, -24.8050452, -3.39845992, 26.3765756, 1.506279431E-03, -6.699089688E-04, -2.13635918, -7.26681628, -2.06242861, 22.2791939, 1.663526119E-03, -1.751049863E-02, -2.20038328, 53.5328126, -66.6792043
0.575, 102.491951, -7.140602989E-02, -17.900669, -0.908122747, 18.2728587, 1.1135627E-03, -1.504769322E-03, -1.44330498, -6.14168187, -1.68242366, 18.8340288, 1.424301606E-03, -1.313933991E-02, -1.5517255, 46.2419443, -51.3376163
0.9125, 102.491951, -7.140291948E-02, -17.8320809, -0.950981898, 18.2172869, 1.12649928E-03, -1.691619888E-03, -1.44394435, -6.08870416, -1.6693468, 18.7788019, 1.42431425E-03, -1.298045331E-02, -1.55101183, 46.2444978, -51.331263
1.4125, 88.1811142, -6.467628419E-02, -11.0076983, 1.35948925, 11.5029187, 8.755849522E-04, -2.672556274E-03, -0.787121895, -4.99355929, -1.21829316, 15.1417945, 1.176567659E-03, -1.03577178E-02, -0.929803609, 39.7155428, -37.5249523
1.9125, 88.1811142, -6.467012964E-02, -10.9643617, 1.28149379, 11.4178358, 8.839004352E-04, -2.857116466E-03, -0.789099715, -4.93430484, -1.20041175, 15.077384, 1.176038652E-03, -1.017115267E-02, -0.928974178, 39.7223721, -37.5358413
2.4125, 76.0994644, -6.023636831E-02, -5.52054029, 3.0959722, 9.16910879, 8.709237508E-04, -3.495201577E-03, -0.288608382, -4.005318, -0.874175437, 12.3848624, 9.912660505E-04, -8.096207182E-03, -0.453682657, 34.5286942, -26.6178744
2.9125, 76.0994644, -6.022904478E-02, -5.52237544, 3.0088733, 8.99948216, 8.742124527E-04, -3.597684775E-03, -0.291250816, -3.96197404, -0.857470422, 12.3349508, 9.903845228E-04, -7.964243038E-03, -0.453007101, 34.5377131, -26.6422915
3.4125, 66.2420578, -5.735520645E-02, -1.2562906, 4.41997632, 10.9205222, 9.80083248E-04, -3.543108153E-03, 8.327939725E-02, -3.19525755, -0.629900345, 10.4043284, 8.577450785E-04, -6.891208445E-03, -9.638483781E-02, 30.4120197, -17.9900191
3.9125, 66.2420578, -5.734557549E-02, -1.29227474, 4.32640702, 10.6966461, 9.835359274E-04, -4.075520172E-03, 7.997612354E-02, -3.16360065, -0.614153562, 10.3664156, 8.566111754E-04, -6.251077076E-03, -9.590776608E-02, 30.4230652, -18.0507431
4.4125, 58.2751617, -5.551824714E-02, 2.03851618, 5.42136431, 13.5118616, 1.114031466E-03, -4.085576332E-03, 0.359154464, -2.53775471, -0.456887533, 8.99922403, 7.636817045E-04, -5.382389326E-03, 0.170693746, 27.135644, -11.1942207
4.9125, 58.2751617, -5.55078915E-02, 1.9781054, 5.3252538, 13.2716298, 1.119003035E-03, -4.409412261E-03, 0.3557041, -2.51598418, -0.441729562, 8.96984075, 7.623795209E-04, -4.965225792E-03, 0.171157951, 27.1476307, -11.2523454
5.4125, 51.8389359, -5.438357192E-02, 4.58087402, 6.17537753, 15.8647383, 1.245513023E-03, -4.459528942E-03, 0.564155116, -2.00683815, -0.333734266, 8.01174933, 7.000512164E-04, -4.295884202E-03, 0.370868096, 24.515379, -5.79077721
5.9125, 51.8389359, -5.437303126E-02, 4.50326801, 6.07869979, 15.618162, 1.252145857E-03, -4.658780395E-03, 0.560644958, -1.99255677, -0.319217264, 7.98922196, 6.987660922E-04, -4.015734416E-03, 0.371295619, 24.5277328, -5.84771226
6.4125, 46.6239929, -5.37179473E-02, 6.54253755, 6.73945302, 17.7939694, 1.36817265E-03, -4.730863907E-03, 0.716894756, -1.57819684, -0.245459852, 7.32554811, 6.618233743E-04, -3.513691247E-03, 0.521582729, 22.4088011, -1.47342788
6.9125, 46.6239929, -5.370755074E-02, 6.45324745, 6.6437088, 17.5461601, 1.376385056E-03, -4.853718926E-03, 0.713392814, -1.56966108, -0.231584536, 7.30842058, 6.609355858E-04, -3.318922019E-03, 0.521962998, 22.4211493, -1.52961709
7.4125, 42.3814125, -5.336183622E-02, 8.05611795, 7.15770208, 19.3141326, 1.480743378E-03, -4.934933914E-03, 0.831099674, -1.23187124, -0.181426176, 6.85505106, 6.423459504E-04, -2.947682002E-03, 0.635728746, 20.70645, 1.99251946
7.9125, 42.3814125, -5.335178749E-02, 7.95933605, 7.06400535, 19.0686106, 1.490337516E-03, -5.010200912E-03, 0.827656857, -1.22777308, -0.168181557, 6.84213013, 6.418622669E-04, -2.807200678E-03, 0.636058459, 20.7185473, 1.93708958
8.4125, 38.9151726, -5.320624655E-02, 9.22309739, 7.46388005, 20.4853635, 1.582894535E-03, -5.092135675E-03, 0.916819526, -0.951869823, -0.134148139, 6.53771395, 6.333933666E-04, -2.534309586E-03, 0.722754959, 19.3241148, 4.78713635
8.9125, 38.9151726, -5.319666973E-02, 9.12200541, 7.37303827, 20.2447389, 1.593571203E-03, -5.137459029E-03, 0.913472637, -0.951205696, -0.121524026, 6.52805757, 6.331509669E-04, -2.42916358E-03, 0.723034676, 19.3358035, 4.73267117
9.4125, 36.0716476, -5.31770932E-02, 10.1210361, 7.68383638, 21.3718416, 1.674748669E-03, -5.215069427E-03, 0.981402061, -0.725467232, -9.840076199E-02, 6.32808178, 6.304873364E-04, -2.228519002E-03, 0.789574363, 18.1967201, 7.04920149
9.9125, 36.0716476, -5.31680594E-02, 10.0180399, 7.59641435, 21.1380448, 1.686181263E-03, -5.241423925E-03, 0.978176742, -0.727455158, -8.639009664E-02, 6.32096421, 6.304066399E-04, -2.14696839E-03, 0.789806588, 18.2079043, 6.99596278
10.4125, 33.7302361, -5.322443119E-02, 10.8093521, 7.83741985, 22.0304013, 1.756911129E-03, -5.312061933E-03, 1.03022769, -0.542531512, -7.056494683E-02, 6.19337849, 6.312036499E-04, -1.998642693E-03, 0.84125144, 17.2736621, 8.88630145
10.9125, 33.7302361, -5.321597531E-02, 10.7062609, 7.75379427, 21.8048259, 1.768808207E-03, -5.326358154E-03, 1.0271409, -0.546555722, -5.916230259E-02, 6.18824956, 6.312448694E-04, -1.933272034E-03, 0.841439647, 17.2842853, 8.83454206
11.4125, 31.7958031, -5.331498216E-02, 11.3337582, 7.93992666, 22.5083116, 1.830294537E-03, -5.388910368E-03, 1.06724834, -0.394966201, -4.815358934E-02, 6.11019962, 6.340395788E-04, -1.822515433E-03, 0.881508032, 16.5153213, 10.3823989
11.9125, 31.7958031, -5.330711424E-02, 11.2319228, 7.86032814, 22.2919186, 1.842420972E-03, -5.395523868E-03, 1.06431042, -0.400538173, -3.735323912E-02, 6.10664512, 6.341792388E-04, -1.768555157E-03, 0.88165603, 16.5253563, 10.332332
12.4125, 30.1928673, -5.342692855E-02, 11.7296056, 8.00318915, 22.8438702, 1.895907569E-03, -5.449842747E-03, 1.09537839, -0.276266574, -2.94721914E-02, 6.06200671, 6.380301541E-04, -1.684658989E-03, 0.913090954, 15.8904642, 11.6034594
12.9125, 30.1928673, -5.341964166E-02, 11.630019, 7.92773631, 22.6372773, 1.908082289E-03, -5.451582825E-03, 1.09259469, -0.282997067, -1.926688642E-02, 6.05971357, 6.382522957E-04, -1.638985148E-03, 0.913202626, 15.8999041, 11.5552509
13.4125, 28.8611755, -5.354628871E-02, 12.0243767, 8.03639816, 23.0677497, 1.954723375E-03, -5.498073108E-03, 1.11677731, -0.181180762, -1.337784419E-02, 6.03723605, 6.425604015E-04, -1.574273334E-03, 0.9380379, 15.3742996, 12.6016624
13.9125, 28.8611755, -5.353956457E-02, 11.927755, 7.96512219, 22.8713015, 1.966809681E-03, -5.496762857E-03, 1.1141494, -0.188758541, -3.757635634E-03, 6.03596636, 6.428528263E-04, -1.534794284E-03, 0.938117038, 15.383148, 12.5554311
14.4125, 27.7523365, -5.3664396E-02, 12.2395569, 8.04671332, 23.2043968, 2.007619807E-03, -5.536093996E-03, 1.13305345, -0.10544605, 8.920898388E-04, 6.02788344, 6.472478319E-04, -1.483814201E-03, 0.957869368, 14.9470195, 13.4185499
14.9125, 27.7523365, -5.365820911E-02, 12.146402, 7.97958161, 23.0182275, 2.019516044E-03, -5.532890147E-03, 1.13058018, -0.113621935, 9.939903189E-03, 6.02745327, 6.476005468E-04, -1.449106359E-03, 0.95791954, 14.9552927, 13.3743699
15.4125, 26.827261, -5.377615285E-02, 12.392029, 8.03973145, 23.273261, 2.055363309E-03, -5.565857126E-03, 1.14541149, -4.558719078E-02, 1.384039413E-02, 6.02846185, 6.518633598E-04, -1.408002594E-03, 0.973727243, 14.5927026, 14.0873936
15.9125, 26.827261, -5.37704734E-02, 12.3026764, 7.97666165, 23.0973398, 2.066995084E-03, -5.561527701E-03, 1.14308967, -5.416148934E-02, 2.233135156E-02, 6.02872617, 6.52267798E-04, -1.377074846E-03, 0.973751798, 14.6004212, 14.0453025
16.4125, 26.0542068, -5.387882325E-02, 12.4951233, 8.01983539, 23.289811, 2.098612693E-03, -5.588939983E-03, 1.154759, 1.241300351E-03, 2.579336859E-02, 6.03524787, 6.562779473E-04, -1.343143235E-03, 0.986475015, 14.2984776, 14.6349979
16.9125, 26.0542068, -5.387361922E-02, 12.4097784, 7.96071003, 23.1239832, 2.109926108E-03, -5.583986976E-03, 1.152584, -7.571702815E-03, 3.374562093E-02, 6.03608998, 6.567264619E-04, -1.315302615E-03, 0.986477028, 14.3056658, 14.5950015
17.4125, 25.4072647, -5.397112472E-02, 12.5594418, 7.99047443, 23.2663911, 2.137931652E-03, -5.606793585E-03, 1.16178805, 3.736305018E-02, 3.697566127E-02, 6.04567206, 6.604227004E-04, -1.286789298E-03, 0.996774529, 14.0538868, 15.0830738
17.9125, 25.4072647, -5.39663634E-02, 12.478211, 7.93515031, 23.1104074, 2.148889526E-03, -5.601540838E-03, 1.15975423, 2.843908946E-02, 4.44091239E-02, 6.04699679, 6.609084118E-04, -1.261517151E-03, 0.996756816, 14.0605705, 15.0451519
18.4125, 24.8652039, -5.405238062E-02, 12.5935737, 7.95440836, 23.2130054, 2.173810952E-03, -5.621474269E-03, 1.16704616, 6.462305669E-02, 4.760576068E-02, 6.05768669, 6.64252037E-04, -1.237975774E-03, 1.00515296, 13.8503934, 15.4493371
18.9125, 24.8652039, -5.404802961E-02, 12.516484, 7.9027253, 23.0665503, 2.184388138E-03, -5.616129924E-03, 1.16514724, 5.568949037E-02, 5.454143601E-02, 6.0594159, 6.647688737E-04, -1.214904001E-03, 1.00511806, 13.8566003, 15.4134526
19.4125, 24.4105492, -5.412288872E-02, 12.6042619, 7.91375543, 23.1374674, 2.206659811E-03, -5.633672459E-03, 1.17093869, 8.462686844E-02, 5.776274414E-02, 6.07020099, 6.677641243E-04, -1.195226629E-03, 1.01200382, 13.6809978, 15.7482163
19.9125, 24.4105492, -5.411891644E-02, 12.5312828, 7.86554162, 23.0001745, 2.21684126E-03, -5.628376583E-03, 1.16916797, 7.576381059E-02, 6.422279544E-02, 6.07226827, 6.683065006E-04, -1.174074426E-03, 1.01195408, 13.6867572, 15.7143145
20.4125, 24.0288696, -5.41833533E-02, 12.596878, 7.87016299, 23.045957, 2.236825977E-03, -5.643830658E-03, 1.17377524, 9.871319743E-02, 6.74820081E-02, 6.08257378, 6.709738827E-04, -1.157351631E-03, 1.01763091, 13.5399438, 15.9915285
20.9125, 24.0288696, -5.417972962E-02, 12.5279344, 7.82524089, 22.9174295, 2.246603956E-03, -5.638653778E-03, 1.17212585, 8.998332842E-02, 7.348946508E-02, 6.08492206, 6.715366401E-04, -1.137886904E-03, 1.01756838, 13.5452847, 15.9595451
21.4125, 23.7082138, -5.423476299E-02, 12.5756854, 7.82489557, 22.9433217, 2.264604075E-03, -5.651827537E-03, 1.17578976, 0.108026769, 7.675239367E-02, 6.0945425, 6.739093532E-04, -1.123041028E-03, 1.02226681, 13.4224802, 16.1889719
21.9125, 23.7082138, -5.423145935E-02, 12.5106702, 7.7830858, 22.8231429, 2.273976565E-03, -5.646837521E-03, 1.17425477, 9.947874166E-02, 8.233098238E-02, 6.09712138, 6.744878034E-04, -1.1050956E-03, 1.02219337, 13.4274274, 16.158834
22.4125, 23.4386539, -5.427865996E-02, 12.5438667, 7.77887091, 22.8331483, 2.290234065E-03, -5.657206149E-03, 1.17713765, 0.113531744, 8.549431074E-02, 6.10634073, 6.766180659E-04, -1.091097273E-03, 1.0260691, 13.3246709, 16.3484511
22.9125, 23.4386539, -5.427564965E-02, 12.4826531, 7.73999393, 22.7208947, 2.299202832E-03, -5.652421536E-03, 1.17571022, 0.105203144, 9.066849932E-02, 6.10910424, 6.772077486E-04, -1.074518142E-03, 1.02598645, 13.3292528, 16.3200824
23.4125, 23.2119293, -5.431607069E-02, 12.5041236, 7.73285012, 22.7184512, 2.313934481E-03, -5.660679021E-03, 1.17795995, 0.115940245, 9.372765137E-02, 6.11785462, 6.791242584E-04, -1.061524891E-03, 1.02918246, 13.2432542, 16.4765467
23.9125, 23.2119293, -5.431332896E-02, 12.4465672, 7.69672987, 22.6136943, 2.322504843E-03, -5.656131108E-03, 1.17663337, 0.107859437, 9.852141655E-02, 6.12076262, 6.797211757E-04, -1.046191396E-03, 1.0290921, 13.2474957, 16.4498671
24.4125, 23.0211449, -5.43478116E-02, 12.4586936, 7.68742206, 22.6016505, 2.335898034E-03, -5.662635741E-03, 1.17837464, 0.115869443, 0.101472083, 6.12898246, 6.814483064E-04, -1.034075842E-03, 1.0317302, 13.1755196, 16.5787416
24.9125, 23.0211449, -5.434531543E-02, 12.4046389, 7.65388745, 22.5039685, 2.344077908E-03, -5.65832106E-03, 1.17714243, 0.108056994, 0.105909123, 6.13199986, 6.820488814E-04, -1.019879824E-03, 1.0316335, 13.1794441, 16.5536685
25.4125, 22.8605423, -5.437463754E-02, 12.4093648, 7.64302908, 22.4846332, 2.356292438E-03, -5.663371847E-03, 1.178475, 0.113830896, 0.108745576, 6.1396735, 6.836092325E-04, -1.008547703E-03, 1.033812, 13.1192088, 16.6595772
25.9125, 22.8605423, -5.437236568E-02, 12.3586509, 7.61191381, 22.3936102, 2.364091601E-03, -5.659284597E-03, 1.17733093, 0.106301034, 0.11284863, 6.1427694, 6.842102815E-04, -9.954048335E-04, 1.03371016, 13.1228397, 16.6360296
26.4125, 22.7253056, -5.439723125E-02, 12.3575622, 7.59999449, 22.3688495, 2.375264562E-03, -5.663144956E-03, 1.17833487, 0.110247683, 0.115565687, 6.14990985, 6.856242547E-04, -9.847885123E-04, 1.03550891, 13.0724406, 16.7228216
26.9125, 22.7253056, -5.439516411E-02, 12.3100238, 7.57114031, 22.2840841, 2.382693935E-03, -5.659280597E-03, 1.17727298, 0.103009442, 0.119356695, 6.15305723, 6.862229613E-04, -9.726168942E-04, 1.03540297, 13.075798, 16.7007176
27.4125, 22.6113949, -5.441620023E-02, 12.3044165, 7.55854899, 22.2554037, 2.392942905E-03, -5.662144987E-03, 1.17801291, 0.105469904, 0.121949964, 6.1596917, 6.875086893E-04, -9.626566664E-04, 1.03688714, 13.0336428, 16.7716028
27.9125, 22.6113949, -5.441431982E-02, 12.2598885, 7.53180345, 22.176506, 2.400014864E-03, -5.658503538E-03, 1.17702752, 9.852814498E-02, 0.125449972, 6.16286709, 6.881026354E-04, -9.513765081E-04, 1.03677806, 13.0367477, 16.7508641
28.4125, 22.5154285, -5.443207906E-02, 12.2508161, 7.51884892, 22.1451176, 2.409441075E-03, -5.660559614E-03, 1.17755564, 9.97861621E-02, 0.127916383, 6.1690314, 6.892760793E-04, -9.420419546E-04, 1.03800105, 13.0015023, 16.8085179
28.9125, 22.5154285, -5.443036889E-02, 12.2091347, 7.49406833, 22.0717135, 2.416168702E-03, -5.657133064E-03, 1.17664141, 9.314223184E-02, 0.131145442, 6.17221409, 6.898630932E-04, -9.315915348E-04, 1.03788965, 13.004374, 16.7890664
29.4125, 22.4345627, -5.444533373E-02, 12.197457, 7.48099168, 22.0385868, 2.424859862E-03, -5.658523207E-03, 1.17700005, 9.343420041E-02, 0.133483465, 6.17794626, 6.909380687E-04, -9.228397232E-04, 1.03889542, 12.9749243, 16.8357255
29.9125, 22.4345627, -5.444377869E-02, 12.1584618, 7.4580387, 21.9703191, 2.431255976E-03, -5.655300963E-03, 1.1761519, 8.708669918E-02, 0.136460557, 6.18111883, 6.915163518E-04, -9.131612225E-04, 1.03878246, 12.9775798, 16.8174864
30.4125, 22.3664093, -5.445636718E-02, 12.1448756, 7.44502753, 21.9362258, 2.439288018E-03, -5.656148486E-03, 1.1763754, 8.660872978E-02, 0.138670026, 6.18645719, 6.925048735E-04, -9.049601367E-04, 1.03960731, 12.9529893, 16.8550141
30.9125, 22.3664093, -5.445495344E-02, 12.1084113, 7.42377415, 21.8727574, 2.445366315E-03, -5.653112147E-03, 1.17558862, 8.055404031E-02, 0.141413215, 6.18960463, 6.930728307E-04, -8.959996584E-04, 1.03949341, 12.955446, 16.8379159
31.4125, 22.3089638, -5.446552618E-02, 12.0934799, 7.41097215, 21.8383044, 2.452805524E-03, -5.653531957E-03, 1.17570495, 7.946934766E-02, 0.143495156, 6.19458491, 6.939852359E-04, -8.883205491E-04, 1.04016746, 12.9349294, 16.867874
31.9125, 22.3089638, -5.446424112E-02, 12.0593961, 7.39129714, 21.7793137, 2.458579288E-03, -5.6506824E-03, 1.17497506, 7.370227254E-02, 0.146021285, 6.19769393, 6.945415567E-04, -8.800200872E-04, 1.04005319, 12.9372013, 16.8518476
32.4125, 22.2605381, -5.447310772E-02, 12.0435737, 7.37881299, 21.7449799, 2.46548329E-03, -5.650749535E-03, 1.17500692, 7.214549999E-02, 0.14797792, 6.20234992, 6.953866801E-04, -8.728411979E-04, 1.04060142, 12.9201016, 16.8755364
32.9125, 22.2605381, -5.447193981E-02, 12.0117258, 7.36060234, 21.6901618, 2.470965988E-03, -5.648078545E-03, 1.17432977, 6.665933273E-02, 0.150302972, 6.20540976, 6.959303526E-04, -8.651581252E-04, 1.04048728, 12.9222033, 16.8605171
33.4125, 22.2197132, -5.447936445E-02, 11.9953774, 7.34851615, 21.6563162, 2.477385352E-03, -5.647867322E-03, 1.17429565, 6.474205768E-02, 0.152137423, 6.20977117, 6.967157526E-04, -8.584459618E-04, 1.04093052, 12.9079671, 16.8790262
33.9125, 22.2197132, -5.447830316E-02, 11.9656278, 7.33166355, 21.6053868, 2.482589924E-03, -5.645353131E-03, 1.17366737, 5.952910238E-02, 0.154276343, 6.21277285, 6.972458542E-04, -8.513405695E-04, 1.04081694, 12.9099119, 16.864952
34.4125, 22.1852913, -5.448451164E-02, 11.9490425, 7.32003207, 21.5723095, 2.488569038E-03, -5.644927786E-03, 1.17358229, 5.73432106E-02, 0.155992359, 6.2168666, 6.979780452E-04, -8.450761916E-04, 1.04117254, 12.8980753, 16.8791884
34.9125, 22.1852913, -5.448354738E-02, 11.9212586, 7.30443779, 21.5249979, 2.493508576E-03, -5.642565966E-03, 1.17299924, 5.239498745E-02, 0.157959121, 6.2198024, 6.984938889E-04, -8.384924991E-04, 1.04105991, 12.8998747, 16.8659988
35.4125, 22.1562653, -5.44887314E-02, 11.9046665, 7.29329892, 21.4928986, 2.499086664E-03, -5.641975561E-03, 1.17287541, 5.001606369E-02, 0.159561217, 6.2236523, 6.99178465E-04, -8.326582122E-04, 1.0413424, 12.8900497, 16.8767225
35.9125, 22.1562653, -5.448785541E-02, 11.8787238, 7.27887059, 21.4489535, 2.503773374E-03, -5.639756711E-03, 1.17233424, 4.532349517E-02, 0.161368847, 6.22651624, 6.996795109E-04, -8.265681253E-04, 1.041231, 12.891716, 16.8643627
36.4125, 22.1317921, -5.449217752E-02, 11.8623038, 7.26824794, 21.4179827, 2.508984989E-03, -5.639040213E-03, 1.17218155, 4.281340283E-02, 0.162861766, 6.23014331, 7.003211871E-04, -8.211282396E-04, 1.04145256, 12.8835726, 16.8722059
36.9125, 22.1317921, -5.449138182E-02, 11.838084, 7.25489911, 21.3771675, 2.513431347E-03, -5.636957989E-03, 1.17167912, 3.836706263E-02, 0.164522487, 6.23293031, 7.008071262E-04, -8.155013181E-04, 1.04134268, 12.8851159, 16.8606239
37.4125, 22.1111526, -5.449497992E-02, 11.8219736, 7.24480431, 21.3474292, 2.518306975E-03, -5.636144861E-03, 1.17150557, 3.577597499E-02, 0.165911218, 6.23635319, 7.014100063E-04, -8.104322425E-04, 1.04151346, 12.8783832, 16.866113
37.9125, 22.1111526, -5.449425726E-02, 11.7993652, 7.23245465, 21.3095232, 2.522524669E-03, -5.634196055E-03, 1.17103899, 3.156619485E-02, 0.167436335, 6.23905961, 7.018805536E-04, -8.052287683E-04, 1.04140535, 12.8798122, 16.855259
38.4125, 22.0937462, -5.44972478E-02, 11.7836699, 7.22289015, 21.2810845, 2.527091895E-03, -5.633314086E-03, 1.170851, 2.893518824E-02, 0.168726314, 6.24229394, 7.0244817E-04, -8.005170248E-04, 1.0415339, 12.8742578, 16.858835
38.9125, 22.0937462, -5.449659154E-02, 11.7625672, 7.21146447, 21.2458808, 2.531091797E-03, -5.631473877E-03, 1.17041759, 2.495224615E-02, 0.170126363, 6.24491691, 7.029031662E-04, -7.957109515E-04, 1.04142772, 12.8755815, 16.8486612
39.4125, 22.0790691, -5.449907284E-02, 11.7473634, 7.20242667, 21.2187787, 2.535375266E-03, -5.630550256E-03, 1.17022031, 2.231376191E-02, 0.17132283, 6.24797737, 7.034385993E-04, -7.913352057E-04, 1.04152118, 12.8710124, 16.8506899
39.9125, 22.0790691, -5.449847697E-02, 11.7276677, 7.19185569, 21.1860847, 2.539168435E-03, -5.628829001E-03, 1.16981757, 1.854780552E-02, 0.172607519, 6.25051517, 7.038780459E-04, -7.86887076E-04, 1.04141713, 12.8722401, 16.8411524
40.4125, 22.0666885, -5.45005319E-02, 11.7130109, 7.18333349, 21.1603313, 2.543189655E-03, -5.627881223E-03, 1.16961513, 1.592833554E-02, 0.173715765, 6.25341381, 7.043839017E-04, -7.828216979E-04, 1.04148156, 12.8684928, 16.8419372
40.9125, 22.0666885, -5.449999093E-02, 11.6946284, 7.17355319, 21.1299681, 2.546786712E-03, -5.626264707E-03, 1.16924076, 1.236974608E-02, 0.174894232, 6.25586516, 7.048078162E-04, -7.787205428E-04, 1.04137973, 12.8696315, 16.8329961
41.4125, 22.0562477, -5.45016894E-02, 11.6805552, 7.16553331, 21.1055578, 2.550565418E-03, -5.625305877E-03, 1.16903641, 9.789660728E-03, 0.175919525, 6.25861325, 7.052864094E-04, -7.74955604E-04, 1.04142015, 12.8665705, 16.8327877
41.9125, 22.0562477, -5.450119833E-02, 11.6633991, 7.15648379, 21.0773575, 2.553976003E-03, -5.623776976E-03, 1.16868829, 6.428858191E-03, 0.177000151, 6.26097783, 7.05694958E-04, -7.711561857E-04, 1.04132068, 12.8676267, 16.8244049
42.4125, 22.0474434, -5.450259902E-02, 11.6499325, 7.14894892, 21.0542703, 2.557530191E-03, -5.622822985E-03, 1.1684846, 3.904289158E-03, 0.177947652, 6.26358505, 7.061483426E-04, -7.676615437E-04, 1.04134135, 12.8651381, 16.823413
42.9125, 22.0474434, -5.450215332E-02, 11.63392, 7.14057443, 21.0280769, 2.560763814E-03, -5.621399323E-03, 1.16816074, 7.318598923E-04, 0.178938226, 6.26586273, 7.065416154E-04, -7.641602543E-04, 1.04124432, 12.8661182, 16.8155527
43.4125, 22.0400162, -5.450330566E-02, 11.6210722, 7.13350582, 21.0062833, 2.564109355E-03, -5.620449612E-03, 1.16795966, -1.72480566E-03, 0.179812896, 6.26833792, 7.069715406E-04, -7.609241012E-04, 1.04124877, 12.8641055, 16.8139494
43.9125, 22.0400162, -5.450290117E-02, 11.606127, 7.12575539, 20.9819523, 2.567175308E-03, -5.619106129E-03, 1.16765825, -4.718034351E-03, 0.18072059, 6.27052913, 7.073498467E-04, -7.576912541E-04, 1.04115424, 12.8650157, 16.8065769
44.4125, 22.0337524, -5.450384645E-02, 11.5938981, 7.11913235, 20.9614116, 2.570326461E-03, -5.618176906E-03, 1.16746131, -7.097894005E-03, 0.181527241, 6.27288032, 7.077579135E-04, -7.546966221E-04, 1.04114549, 12.8633981, 16.8045048
44.9125, 22.0337524, -5.450347942E-02, 11.5799484, 7.11195937, 20.9388087, 2.573233375E-03, -5.616912304E-03, 1.16718069, -9.920778695E-03, 0.182358702, 6.27498615, 7.081214974E-04, -7.517158612E-04, 1.04105349, 12.8642437, 16.7975886
45.4125, 22.0284691, -5.450425255E-02, 11.568335, 7.10575988, 20.919476, 2.576203639E-03, -5.616006562E-03, 1.166989, -1.221723455E-02, 0.183101993, 6.2772202, 7.085090893E-04, -7.489411979E-04, 1.04103405, 12.8629546, 16.7951648
45.9125, 22.0284691, -5.450391955E-02, 11.5553136, 7.09911961, 20.8984767, 2.578959549E-03, -5.614822144E-03, 1.16672761, -1.487839966E-02, 0.183863314, 6.27924178, 7.088582807E-04, -7.461933256E-04, 1.04094463, 12.8637404, 16.7886763
46.4125, 22.0240116, -5.450454986E-02, 11.5443047, 7.09332308, 20.8803043, 2.581761068E-03, -5.613934666E-03, 1.16654203, -1.708680723E-02, 0.184547542, 6.28136518, 7.09226698E-04, -7.436275201E-04, 1.0409166, 12.8627241, 16.7859951
46.9125, 22.0240116, -5.450424778E-02, 11.5321482, 7.08717532, 20.8607909, 2.584374077E-03, -5.612834507E-03, 1.16629841, -1.959456895E-02, 0.18524444, 6.28330426, 7.095617974E-04, -7.410918718E-04, 1.04082977, 12.8634553, 16.7799053
47.4125, 22.0202541, -5.450475944E-02, 11.5217286, 7.08175936, 20.8437266, 2.587017795E-03, -5.611974393E-03, 1.16611948, -2.17121638E-02, 0.185873803, 6.28532287, 7.099121294E-04, -7.387212076E-04, 1.04079489, 12.8626642, 16.7770468
47.9125, 22.0202541, -5.450448545E-02, 11.5103794, 7.07606682, 20.8255927, 2.589495201E-03, -5.610930833E-03, 1.16589235, -2.40745706E-02, 0.186511501, 6.28718081, 7.102335308E-04, -7.363828861E-04, 1.04071065, 12.8633437, 16.7713305
48.4125, 22.0170841, -5.450489892E-02, 11.5005314, 7.0710101, 20.8095837, 2.591991273E-03, -5.610102296E-03, 1.16572046, -2.61005433E-02, 0.187089869, 6.28910061, 7.105668636E-04, -7.34196148E-04, 1.04067044, 12.8627372, 16.7683585
48.9125, 22.0170841, -5.450465044E-02, 11.4899346, 7.06573822, 20.7927299, 2.594340097E-03, -5.609124246E-03, 1.16550858, -2.832529086E-02, 0.187673174, 6.29087948, 7.108749385E-04, -7.320427902E-04, 1.04058878, 12.8633699, 16.7629918
49.4125, 22.01441, -5.450498264E-02, 11.4806378, 7.06101978, 20.7777223, 2.596697952E-03, -5.608336275E-03, 1.16534392, -3.025876358E-02, 0.188204439, 6.29270516, 7.111921644E-04, -7.300248981E-04, 1.04054445, 12.862916, 16.7599553
49.9125, 22.01441, -5.450475733E-02, 11.4707424, 7.05613643, 20.7620551, 2.59892495E-03, -5.60741628E-03, 1.16514618, -3.235321924E-02, 0.18873779, 6.29440692, 7.114873018E-04, -7.280386178E-04, 1.04046535, 12.8635054, 16.7549168
50.4125, 22.0121536, -5.450502279E-02, 11.461975, 7.0517359, 20.7479963, 2.601153155E-03, -5.606657059E-03, 1.16498885, -3.419540866E-02, 0.18922532, 6.29614313, 7.117892891E-04, -7.261733793E-04, 1.04041794, 12.8631773, 16.7518578
50.9125, 22.0121536, -5.450481851E-02, 11.4527329, 7.04721145, 20.7334297, 2.603264641E-03, -5.605788541E-03, 1.1648042, -3.616658051E-02, 0.189712814, 6.29777021, 7.120718975E-04, -7.243483722E-04, 1.0403414, 12.8637261, 16.747126
51.4125, 22.010252, -5.450502895E-02, 11.4444722, 7.04310936, 20.7202677, 2.605371082E-03, -5.605063266E-03, 1.1646542, -3.791861249E-02, 0.190159902, 6.29942158, 7.123594885E-04, -7.226271487E-04, 1.04029174, 12.8634999, 16.7440786
51.9125, 22.010252, -5.450484378E-02, 11.4358398, 7.03891671, 20.7067229, 2.607373158E-03, -5.60425669E-03, 1.16448168, -3.977332875E-02, 0.190605296, 6.30097638, 7.126299426E-04, -7.20949027E-04, 1.0402177, 12.8640122, 16.7396317
52.4125, 22.0086479, -5.4505009E-02, 11.4280632, 7.0350944, 20.6944065, 2.609365462E-03, -5.603564419E-03, 1.16433891, -4.143698418E-02, 0.191014959, 6.3025463, 7.129038627E-04, -7.193657494E-04, 1.04016653, 12.8638675, 16.7366205
52.9125, 22.0086479, -5.450484117E-02, 11.4199987, 7.03120844, 20.6818087, 2.611263859E-03, -5.602804043E-03, 1.16417765, -4.318167787E-02, 0.191421727, 6.30403108, 7.131625898E-04, -7.178243432E-04, 1.04009498, 12.8643458, 16.7324431
53.4125, 22.0072937, -5.450496956E-02, 11.4126816, 7.02764702, 20.6702884, 2.613148306E-03, -5.602143295E-03, 1.16404195, -4.475986704E-02, 0.191796938, 6.3055242, 7.134234927E-04, -7.163585126E-04, 1.04004289, 12.8642688, 16.729488
53.9125, 22.0072937, -5.450481747E-02, 11.4051473, 7.02404506, 20.6585703, 2.614948502E-03, -5.601426287E-03, 1.16389114, -4.640062914E-02, 0.192168278, 6.30694108, 7.136709179E-04, -7.149425616E-04, 1.03997376, 12.8647149, 16.7255612
54.4125, 22.0061531, -5.450491572E-02, 11.3982666, 7.02072804, 20.6477976, 2.616731833E-03, -5.600804288E-03, 1.16376232, -4.789553789E-02, 0.192511627, 6.308361, 7.139194955E-04, -7.135974493E-04, 1.03992122, 12.8646913, 16.7226787
54.9125, 22.0061531, -5.450477792E-02, 11.3912263, 7.01738808, 20.6368957, 2.618438951E-03, -5.600129353E-03, 1.16362119, -4.94382859E-02, 0.192850486, 6.30971238, 7.141560029E-04, -7.122919675E-04, 1.03985449, 12.865108, 16.7189882
55.4125, 22.0051899, -5.450485173E-02, 11.3847595, 7.01429959, 20.6268264, 2.620127025E-03, -5.599533615E-03, 1.16349905, -5.08530802E-02, 0.193164541, 6.31106247, 7.14392775E-04, -7.110510792E-04, 1.03980192, 12.8651271, 16.7161886
55.9125, 22.0051899, -5.45047269E-02, 11.3781799, 7.0112016, 20.6166812, 2.621745957E-03, -5.598897042E-03, 1.16336692, -5.230327634E-02, 0.193473579, 6.31235092, 7.146188202E-04, -7.098525295E-04, 1.03973753, 12.8655167, 16.7127181
56.4125, 22.0043774, -5.450478106E-02, 11.3721045, 7.00832619, 20.6072712, 2.623344102E-03, -5.598341681E-03, 1.16325119, -5.364088745E-02, 0.193760542, 6.31363428, 7.148444155E-04, -7.087184859E-04, 1.03968523, 12.8655703, 16.7100096
56.9125, 22.0043774, -5.4504668E-02, 11.3659542, 7.00545235, 20.5978289, 2.624879435E-03, -5.597747485E-03, 1.1631274, -5.500391262E-02, 0.194042252, 6.31486213, 7.150603092E-04, -7.076151087E-04, 1.03962313, 12.8659346, 16.7067458
57.4125, 22.0036926, -5.450470634E-02, 11.3602494, 7.00277537, 20.5890369, 2.62639296E-03, -5.597215053E-03, 1.16301781, -5.626735814E-02, 0.194304339, 6.31608231, 7.152752661E-04, -7.065721975E-04, 1.03957138, 12.8660135, 16.7041344
57.9125, 22.0036926, -5.450460395E-02, 11.3544992, 7.00010888, 20.5802469, 2.627849111E-03, -5.596662965E-03, 1.1629018, -5.75481162E-02, 0.194561, 6.31725181, 7.154814757E-04, -7.055610066E-04, 1.03951152, 12.8663552, 16.7010645
58.4125, 22.0031147, -5.450462955E-02, 11.3491432, 6.9976168, 20.5720334, 2.62928268E-03, -5.596156955E-03, 1.1627981, -5.874092024E-02, 0.19480023, 6.31841142, 7.156862527E-04, -7.046013242E-04, 1.03946054, 12.8664551, 16.6985548
58.9125, 22.0031147, -5.450453685E-02, 11.3437666, 6.99514233, 20.5638488, 2.630663851E-03, -5.595627731E-03, 1.16268931, -5.994416828E-02, 0.195033973, 6.31952504, 7.158831136E-04, -7.036758632E-04, 1.03940285, 12.8667738, 16.6956659
59.4125, 22.0026264, -5.450455246E-02, 11.3387395, 6.99282232, 20.5561762, 2.632021928E-03, -5.595155681E-03, 1.16259122, -6.10693872E-02, 0.195252157, 6.32062722, 7.160782201E-04, -7.027963568E-04, 1.0393528, 12.8668892, 16.693258
59.9125, 22.0026264, -5.450446855E-02, 11.3337121, 6.99052486, 20.5485546, 2.633332046E-03, -5.594659691E-03, 1.16248914, -6.219969185E-02, 0.195464885, 6.32168722, 7.162661191E-04, -7.019437502E-04, 1.03929725, 12.8671877, 16.6905401
60.4125, 22.0022163, -5.450447627E-02, 11.3289945, 6.98836584, 20.5413891, 2.634618936E-03, -5.594210868E-03, 1.16239638, -6.326049775E-02, 0.195663704, 6.32273454, 7.16452019E-04, -7.011361045E-04, 1.03924827, 12.8673141, 16.6882353
60.9125, 22.0022163, -5.450440032E-02, 11.3242916, 6.98623214, 20.5342885, 2.63586163E-03, -5.593749999E-03, 1.16230055, -6.432204025E-02, 0.195857185, 6.32374321, 7.16631309E-04, -7.003617149E-04, 1.03919477, 12.8675945, 16.6856765
61.4125, 22.0018692, -5.450440194E-02, 11.3198654, 6.98422219, 20.5275957, 2.637081239E-03, -5.593322303E-03, 1.16221287, -6.532159926E-02, 0.196038193, 6.32473808, 7.16808404E-04, -6.996188751E-04, 1.03914696, 12.8677275, 16.6834748
61.9125, 22.0018692, -5.450433321E-02, 11.3154663, 6.98224096, 20.520981, 2.638260174E-03, -5.592882626E-03, 1.16212286, -6.631845053E-02, 0.196214086, 6.32569764, 7.169794419E-04, -6.989084651E-04, 1.03909546, 12.86799, 16.6810661
62.4125, 22.0015755, -5.450433012E-02, 11.3113138, 6.98036991, 20.5147313, 2.639416119E-03, -5.59248355E-03, 1.16203998, -6.725968357E-02, 0.196378819, 6.32664251, 7.171481806E-04, -6.982264741E-04, 1.03904891, 12.8681288, 16.678965
62.9125, 22.0015755, -5.450426794E-02, 11.3071976, 6.97852867, 20.5085663, 2.640534498E-03, -5.592079211E-03, 1.16195538, -6.819560307E-02, 0.196538568, 6.327555, 7.173113205E-04, -6.975778756E-04, 1.03899936, 12.8683746, 16.6766963
63.4125, 22.0013294, -5.450426135E-02, 11.3033032, 6.97678686, 20.5027299, 2.641630394E-03, -5.591696876E-03, 1.16187705, -6.908162712E-02, 0.196688336, 6.32845246, 7.174720471E-04, -6.969564693E-04, 1.03895409, 12.868516, 16.674694
63.9125, 22.0013294, -5.450420511E-02, 11.2994507, 6.97507584, 20.4969832, 2.642691418E-03, -5.591318177E-03, 1.16179751, -6.99602837E-02, 0.196833329, 6.32932007, 7.176276133E-04, -6.963608636E-04, 1.03890644, 12.8687472, 16.6725577
64.4125, 22.0011215, -5.450419599E-02, 11.2957979, 6.97345427, 20.4915319, 2.64373044E-03, -5.59095519E-03, 1.16172349, -7.07940196E-02, 0.196969364, 6.33017229, 7.177807214E-04, -6.957946272E-04, 1.03886251, 12.8688889, 16.6706522
64.9125, 22.0011215, -5.450414513E-02, 11.2921922, 6.97186392, 20.4861747, 2.644737256E-03, -5.590609321E-03, 1.16164866, -7.161874283E-02, 0.19710088, 6.33099698, 7.179290597E-04, -6.952486623E-04, 1.03881669, 12.8691068, 16.6686393
65.4125, 22.000946, -5.450413412E-02, 11.2887658, 6.97035385, 20.4810833, 2.645722556E-03, -5.590263217E-03, 1.1615787, -7.240292254E-02, 0.197224313, 6.33180622, 7.180748779E-04, -6.947318578E-04, 1.03877413, 12.8692482, 16.6668278
65.9125, 22.000946, -5.450408814E-02, 11.2853908, 6.96887519, 20.4760881, 2.646677883E-03, -5.589928558E-03, 1.16150827, -7.317697673E-02, 0.197343507, 6.33258988, 7.182162779E-04, -6.942340194E-04, 1.03873008, 12.8694525, 16.664932
66.4125, 22.0007973, -5.4504076E-02, 11.2821772, 6.96746876, 20.471332, 2.647612102E-03, -5.589612741E-03, 1.16144215, -7.391435172E-02, 0.197455417, 6.33335801, 7.183551623E-04, -6.93760969E-04, 1.03868889, 12.8695924, 16.6632101
66.9125, 22.0007973, -5.450403443E-02, 11.2790174, 6.96609359, 20.4666734, 2.648518555E-03, -5.58928837E-03, 1.16137583, -7.464067388E-02, 0.197563335, 6.33410243, 7.184899386E-04, -6.933051534E-04, 1.03864656, 12.8697851, 16.6614234
67.4125, 22.0006733, -5.450402149E-02, 11.2760035, 6.96478339, 20.4622305, 2.649404832E-03, -5.588992014E-03, 1.16131331, -7.533373056E-02, 0.197664712, 6.33483196, 7.186222408E-04, -6.928784817E-04, 1.03860676, 12.8699226, 16.6597888
67.9125, 22.0006733, -5.450398393E-02, 11.2730442, 6.96350399, 20.457884, 2.650264934E-03, -5.588694424E-03, 1.16125084, -7.601526502E-02, 0.197762298, 6.33553891, 7.187506613E-04, -6.924664736E-04, 1.03856608, 12.8701031, 16.658104
68.4125, 22.0005684, -5.450397073E-02, 11.2702172, 6.96228395, 20.4537338, 2.651105566E-03, -5.588415263E-03, 1.16119176, -7.66666353E-02, 0.197854065, 6.33623111, 7.188766506E-04, -6.920723001E-04, 1.03852763, 12.8702371, 16.6565538
68.9125, 22.0005684, -5.45039368E-02, 11.2674457, 6.96109331, 20.449678, 2.651921844E-03, -5.588136168E-03, 1.16113285, -7.730602727E-02, 0.197942225, 6.33690256, 7.189990027E-04, -6.9169829E-04, 1.03848856, 12.8704076, 16.6549647
69.4125, 22.0004787, -5.450392343E-02, 11.2647942, 6.95995635, 20.4458006, 2.652719365E-03, -5.587874326E-03, 1.16107698, -7.791781036E-02, 0.198025098, 6.33755969, 7.191189798E-04, -6.913411612E-04, 1.03845147, 12.870538, 16.653494
69.9125, 22.0004787, -5.450389278E-02, 11.2621979, 6.95884798, 20.4420152, 2.653493998E-03, -5.587607825E-03, 1.16102143, -7.851763567E-02, 0.198104699, 6.33819716, 7.192355789E-04, -6.909979982E-04, 1.03841395, 12.8706987, 16.6519974
70.4125, 22.0004044, -5.450387948E-02, 11.2597114, 6.95778896, 20.4383928, 2.654250718E-03, -5.587353454E-03, 1.1609686, -7.909238585E-02, 0.198179574, 6.33882075, 7.193498029E-04, -6.906731095E-04, 1.03837818, 12.8708248, 16.650603
70.9125, 22.0004044, -5.45038518E-02, 11.2572779, 6.9567572, 20.434858, 2.654985887E-03, -5.587109811E-03, 1.16091618, -7.965504067E-02, 0.198251316, 6.33942587, 7.194608847E-04, -6.903625648E-04, 1.03834215, 12.8709757, 16.6491907
71.4125, 22.0003414, -5.450383907E-02, 11.254946, 6.95576956, 20.4314731, 2.655703902E-03, -5.586874746E-03, 1.16086621, -8.019462058E-02, 0.198318784, 6.34001737, 7.195696444E-04, -6.900697502E-04, 1.0383077, 12.871098, 16.6478697
71.9125, 22.0003414, -5.450381408E-02, 11.2526667, 6.95480859, 20.4281733, 2.656401758E-03, -5.586637753E-03, 1.16081675, -8.072235498E-02, 0.198383381, 6.34059179, 7.196754129E-04, -6.897879573E-04, 1.03827312, 12.8712416, 16.6465379
72.4125, 22.000288, -5.450380169E-02, 11.2504785, 6.95388798, 20.4250089, 2.657083015E-03, -5.586421995E-03, 1.16076948, -8.122883383E-02, 0.19844403, 6.34115304, 7.197789659E-04, -6.895235605E-04, 1.03823998, 12.8713586, 16.6452869
72.9125, 22.000288, -5.450377913E-02, 11.2483417, 6.95299281, 20.4219269, 2.657745466E-03, -5.586206304E-03, 1.16072276, -8.172370078E-02, 0.198502092, 6.34169815, 7.198797015E-04, -6.892679926E-04, 1.03820678, 12.8714933, 16.6440294
73.4125, 22.0002422, -5.450376747E-02, 11.2462887, 6.95213461, 20.4189691, 2.658392053E-03, -5.585999922E-03, 1.16067799, -8.219922062E-02, 0.198556634, 6.34223055, 7.199783099E-04, -6.890297133E-04, 1.03817483, 12.8716071, 16.6428441
73.9125, 22.0002422, -5.450374711E-02, 11.244286, 6.95130039, 20.4160902, 2.659020712E-03, -5.585792675E-03, 1.16063385, -8.266332117E-02, 0.198608754, 6.34274789, 7.200742561E-04, -6.887981299E-04, 1.03814298, 12.8717344, 16.6416581
74.4125, 22.0002041, -5.450373567E-02, 11.2423601, 6.9504997, 20.4133245, 2.659634449E-03, -5.585596953E-03, 1.16059151, -8.31094198E-02, 0.198657731, 6.34325267, 7.201680943E-04, -6.885802797E-04, 1.03811229, 12.8718421, 16.6405362
74.9125, 22.0002041, -5.45037173E-02, 11.2404826, 6.94972224, 20.4106352, 2.660231226E-03, -5.585402337E-03, 1.16054979, -8.354457291E-02, 0.198704429, 6.34374347, 7.202594445E-04, -6.883723003E-04, 1.03808173, 12.8719628, 16.6394159
75.4125, 22.0001717, -5.450370687E-02, 11.2386751, 6.94897553, 20.4080489, 2.660813559E-03, -5.585220082E-03, 1.16050968, -8.396330389E-02, 0.198748277, 6.34422239, 7.203487836E-04, -6.88176358E-04, 1.03805221, 12.8720672, 16.6383541
75.9125, 22.0001717, -5.450369031E-02, 11.2369143, 6.94825036, 20.4055352, 2.661380293E-03, -5.585040553E-03, 1.16047023, -8.437124296E-02, 0.19879004, 6.34468793, 7.204357354E-04, -6.879878089E-04, 1.03802289, 12.8721814, 16.6372981
76.4125, 22.000145, -5.450367992E-02, 11.2352187, 6.94755403, 20.4031173, 2.661933194E-03, -5.584869033E-03, 1.16043231, -8.476390543E-02, 0.198829212, 6.34514221, 7.205207838E-04, -6.878076245E-04, 1.03799458, 12.8722811, 16.6362939
76.9125, 22.000145, -5.450366499E-02, 11.2335672, 6.94687771, 20.4007673, 2.662471237E-03, -5.584698812E-03, 1.16039498, -8.514639801E-02, 0.198866483, 6.34558375, 7.206036134E-04, -6.876400006E-04, 1.03796646, 12.8723881, 16.635295
77.4125, 22.0001221, -5.450365598E-02, 11.2319756, 6.94622763, 20.3985054, 2.662996052E-03, -5.584536169E-03, 1.16035899, -8.551487485E-02, 0.198901468, 6.34601445, 7.206845304E-04, -6.874861199E-04, 1.03793919, 12.8724837, 16.6343437
77.9125, 22.0001221, -5.450364252E-02, 11.2304263, 6.94559642, 20.3963076, 2.663506833E-03, -5.584383735E-03, 1.16032365, -8.587337092E-02, 0.198934634, 6.3464331, 7.207633817E-04, -6.873323872E-04, 1.03791222, 12.8725851, 16.6334011
78.4125, 22.000103, -5.450363375E-02, 11.2289326, 6.94498984, 20.3941919, 2.664005088E-03, -5.584226165E-03, 1.16028959, -8.621893018E-02, 0.198965737, 6.3468417, 7.208403868E-04, -6.871926281E-04, 1.03788607, 12.8726761, 16.6325008
78.9125, 22.000103, -5.450362163E-02, 11.227479, 6.9444012, 20.3921369, 2.664490144E-03, -5.584082302E-03, 1.16025614, -8.655502777E-02, 0.198995188, 6.34723875, 7.209154394E-04, -6.870571746E-04, 1.0378602, 12.8727722, 16.6316119
79.4125, 22.0000877, -5.450361322E-02, 11.2260772, 6.9438346, 20.3901574, 2.664963188E-03, -5.58393428E-03, 1.16022384, -8.687897069E-02, 0.199022715, 6.3476262, 7.209887549E-04, -6.869306215E-04, 1.0378351, 12.8728595, 16.6307602
79.9125, 22.0000877, -5.450360229E-02, 11.2247135, 6.94328477, 20.3882348, 2.665423705E-03, -5.58379574E-03, 1.16019216, -8.719393734E-02, 0.199048825, 6.34800302, 7.210601692E-04, -6.868104058E-04, 1.03781031, 12.8729506, 16.62992
80.4125, 22.0000744, -5.450359541E-02, 11.2233971, 6.94275582, 20.3863823, 2.665872887E-03, -5.583665859E-03, 1.16016155, -8.749773216E-02, 0.199073261, 6.3483698, 7.211299248E-04, -6.866963856E-04, 1.03778622, 12.8730342, 16.629114
80.9125, 22.0000744, -5.450358557E-02, 11.2221173, 6.94224254, 20.384584, 2.666310091E-03, -5.583534022E-03, 1.16013154, -8.779293794E-02, 0.199096292, 6.34872683, 7.211979069E-04, -6.86592101E-04, 1.03776244, 12.8731205, 16.6283199
81.4125, 22.0000629, -5.450357853E-02, 11.2208818, 6.94174863, 20.3828503, 2.666736654E-03, -5.583404842E-03, 1.1601025, -8.807790627E-02, 0.199117829, 6.34907517, 7.212642793E-04, -6.86490721E-04, 1.03773932, 12.8731997, 16.6275573
81.9125, 22.0000629, -5.450356967E-02, 11.2196802, 6.94126953, 20.3811671, 2.667151935E-03, -5.583284716E-03, 1.16007406, -8.835454552E-02, 0.199138074, 6.34941358, 7.213289953E-04, -6.863941689E-04, 1.03771654, 12.8732817, 16.6268076
82.4125, 22.0000515, -5.450356339E-02, 11.2185197, 6.94080778, 20.3795439, 2.667557035E-03, -5.583162443E-03, 1.16004652, -8.862145416E-02, 0.199156935, 6.34974348, 7.213921638E-04, -6.863064238E-04, 1.03769437, 12.8733578, 16.6260864
82.9125, 22.0000515, -5.450355541E-02, 11.217392, 6.94035975, 20.3779683, 2.667951397E-03, -5.583048962E-03, 1.16001955, -8.88806778E-02, 0.199174698, 6.35006434, 7.214537473E-04, -6.862249131E-04, 1.03767253, 12.8734345, 16.6253776
83.4125, 22.0000439, -5.4503549E-02, 11.2163024, 6.93992835, 20.3764487, 2.668336015E-03, -5.582940537E-03, 1.15999342, -8.913092921E-02, 0.199191174, 6.35037712, 7.215138228E-04, -6.861483246E-04, 1.03765128, 12.873507, 16.6246959
83.9125, 22.0000439, -5.450354182E-02, 11.2152432, 6.93951034, 20.3749739, 2.668710478E-03, -5.582836937E-03, 1.15996785, -8.937383245E-02, 0.19920665, 6.35068134, 7.215724359E-04, -6.86077155E-04, 1.03763035, 12.8735797, 16.6240262
84.4125, 22.0000381, -5.450353648E-02, 11.2142198, 6.93910652, 20.3735499, 2.669075768E-03, -5.582724705E-03, 1.15994307, -8.960826549E-02, 0.199220999, 6.35097767, 7.216296259E-04, -6.860073164E-04, 1.03760998, 12.8736489, 16.6233808
84.9125, 22.0000381, -5.450353003E-02, 11.2132254, 6.93871603, 20.37217, 2.669431532E-03, -5.582628481E-03, 1.1599188, -8.983584093E-02, 0.199234408, 6.35126595, 7.216853782E-04, -6.859431999E-04, 1.03758993, 12.873719, 16.6227477
85.4125, 22.0000305, -5.450352568E-02, 11.2122635, 6.93833849, 20.3708356, 2.669778333E-03, -5.582528906E-03, 1.15989522, -9.005586236E-02, 0.199246762, 6.35154747, 7.217397923E-04, -6.858837957E-04, 1.03757034, 12.8737843, 16.6221361
85.9125, 22.0000305, -5.450351988E-02, 11.2113293, 6.93797285, 20.369542, 2.670116442E-03, -5.582431185E-03, 1.15987219, -9.02691462E-02, 0.199258316, 6.35182083, 7.217928572E-04, -6.858228197E-04, 1.03755114, 12.8738508, 16.6215378
86.4125, 22.0000267, -5.450351545E-02, 11.2104259, 6.9376201, 20.3682929, 2.670445834E-03, -5.582342799E-03, 1.15984982, -9.047503005E-02, 0.19926898, 6.35208702, 7.218446332E-04, -6.857721177E-04, 1.03753238, 12.8739126, 16.6209595
86.9125, 22.0000267, -5.450351023E-02, 11.2095489, 6.93727847, 20.3670818, 2.670766867E-03, -5.582250148E-03, 1.15982796, -9.067481351E-02, 0.199278829, 6.35234599, 7.218951051E-04, -6.857246919E-04, 1.03751397, 12.873976, 16.6203941
87.4125, 22.0000229, -5.450350571E-02, 11.2087004, 6.93694839, 20.3659116, 2.671079764E-03, -5.582163061E-03, 1.15980672, -9.086790246E-02, 0.199287911, 6.35259851, 7.219443501E-04, -6.856817893E-04, 1.03749602, 12.8740356, 16.6198468
87.9125, 22.0000229, -5.450350101E-02, 11.2078758, 6.9366287, 20.3647761, 2.671384721E-03, -5.582082653E-03, 1.15978596, -9.105504749E-02, 0.199296279, 6.35284401, 7.219923808E-04, -6.856399175E-04, 1.03747839, 12.874095, 16.6193124
88.4125, 22.0000191, -5.450349806E-02, 11.2070781, 6.93631973, 20.3636787, 2.671681998E-03, -5.581996748E-03, 1.15976577, -9.12358429E-02, 0.199303841, 6.35308341, 7.220392714E-04, -6.856016966E-04, 1.03746116, 12.8741515, 16.6187941
88.9125, 22.0000191, -5.450349384E-02, 11.2063037, 6.93602054, 20.3626152, 2.671971572E-03, -5.581921564E-03, 1.15974605, -9.141115098E-02, 0.199310844, 6.35331617, 7.220849715E-04, -6.855680925E-04, 1.03744426, 12.8742089, 16.6182882
89.4125, 22.0000153, -5.450349035E-02, 11.2055538, 6.93573161, 20.3615866, 2.672254034E-03, -5.581843372E-03, 1.15972687, -9.158064589E-02, 0.199317185, 6.35354274, 7.221295391E-04, -6.855371669E-04, 1.03742778, 12.8742626, 16.6177986
89.9125, 22.0000153, -5.450348656E-02, 11.2048262, 6.93545137, 20.3605893, 2.672529205E-03, -5.581770013E-03, 1.15970814, -9.174485627E-02, 0.199322959, 6.35376322, 7.22173021E-04, -6.855113947E-04, 1.03741159, 12.8743162, 16.6173194
90.4125, 22.0000134, -5.450348345E-02, 11.2041215, 6.93518094, 20.3596253, 2.672797478E-03, -5.581697499E-03, 1.15968992, -9.190354747E-02, 0.199328176, 6.3539781, 7.222154051E-04, -6.854829247E-04, 1.0373958, 12.8743684, 16.6168559
90.9125, 22.0000134, -5.450348005E-02, 11.2034379, 6.93491863, 20.3586907, 2.673058754E-03, -5.581626928E-03, 1.15967211, -9.205737775E-02, 0.199332865, 6.35418719, 7.222567488E-04, -6.854622576E-04, 1.03738031, 12.8744195, 16.6164038
91.4125, 22.0000114, -5.450347757E-02, 11.2027746, 6.93466528, 20.3577857, 2.67331369E-03, -5.581562995E-03, 1.15965477, -9.22060048E-02, 0.199336963, 6.35439071, 7.222971151E-04, -6.854398595E-04, 1.03736516, 12.8744681, 16.6159651
91.9125, 22.0000114, -5.450347451E-02, 11.202132, 6.9344198, 20.3569096, 2.673562084E-03, -5.581495028E-03, 1.15963783, -9.235004371E-02, 0.199340668, 6.35458883, 7.223364681E-04, -6.854180605E-04, 1.03735033, 12.8745167, 16.6155369
92.4125, 22.0000095, -5.450347161E-02, 11.2015092, 6.93418231, 20.3560614, 2.673804197E-03, -5.5814336E-03, 1.15962136, -9.248928961E-02, 0.199343941, 6.35478156, 7.223748478E-04, -6.854034438E-04, 1.03733584, 12.874563, 16.6151225
92.9125, 22.0000095, -5.450346886E-02, 11.2009047, 6.93395243, 20.355239, 2.674040207E-03, -5.581368308E-03, 1.15960527, -9.26242148E-02, 0.199346739, 6.3549692, 7.224122698E-04, -6.853875243E-04, 1.03732163, 12.8746092, 16.6147171
93.4125, 22.0000076, -5.450346596E-02, 11.2003192, 6.93372992, 20.3544437, 2.674270228E-03, -5.581314132E-03, 1.15958961, -9.275461067E-02, 0.199349168, 6.35515203, 7.224487498E-04, -6.853790464E-04, 1.03730776, 12.8746543, 16.6143251
93.9125, 22.0000076, -5.45034635E-02, 11.1997509, 6.93351458, 20.3536723, 2.67449453E-03, -5.581257091E-03, 1.1595743, -9.288094153E-02, 0.199351195, 6.35532993, 7.224843492E-04, -6.853708547E-04, 1.03729415, 12.8746982, 16.6139421
94.4125, 22.0000076, -5.450346226E-02, 11.1991993, 6.93330647, 20.3529256, 2.674713211E-03, -5.58120221E-03, 1.15955937, -9.300314448E-02, 0.199352792, 6.35550311, 7.225191047E-04, -6.8536257E-04, 1.03728083, 12.8747401, 16.6135696
94.9125, 22.0000076, -5.450346005E-02, 11.1986646, 6.9331045, 20.352202, 2.674926124E-03, -5.581152012E-03, 1.15954481, -9.3121464E-02, 0.19935412, 6.35567174, 7.225529721E-04, -6.853561286E-04, 1.03726781, 12.8747821, 16.6132066
95.4125, 22.0000057, -5.450345723E-02, 11.1981477, 6.93290932, 20.3515022, 2.675133923E-03, -5.581091525E-03, 1.15953063, -9.323576823E-02, 0.199355144, 6.35583551, 7.225859895E-04, -6.853483193E-04, 1.0372551, 12.8748231, 16.6128556
95.9125, 22.0000057, -5.450345525E-02, 11.1976444, 6.9327199, 20.3508227, 2.675336391E-03, -5.581044861E-03, 1.15951677, -9.33465798E-02, 0.199355857, 6.35599529, 7.22618215E-04, -6.853428811E-04, 1.03724262, 12.874862, 16.6125126
96.4125, 22.0000057, -5.450345416E-02, 11.1971568, 6.9325368, 20.3501651, 2.675533707E-03, -5.580997543E-03, 1.15950326, -9.34537951E-02, 0.199356311, 6.35615095, 7.226496565E-04, -6.853425762E-04, 1.03723043, 12.8749008, 16.6121792
96.9125, 22.0000057, -5.450345238E-02, 11.1966837, 6.93235945, 20.3495277, 2.675726155E-03, -5.580952856E-03, 1.15949007, -9.355751128E-02, 0.199356486, 6.35630221, 7.22680289E-04, -6.85338493E-04, 1.03721848, 12.874939, 16.6118533
97.4125, 22.0000038, -5.450345137E-02, 11.1962254, 6.93218775, 20.3489106, 2.67591372E-03, -5.580904541E-03, 1.15947719, -9.365781577E-02, 0.199356281, 6.35644965, 7.22710186E-04, -6.853390135E-04, 1.0372068, 12.8749762, 16.611538
97.9125, 22.0000038, -5.450344977E-02, 11.1957802, 6.9320212, 20.3483119, 2.676096493E-03, -5.580863653E-03, 1.15946464, -9.375489987E-02, 0.199355961, 6.356593, 7.227393219E-04, -6.853408E-04, 1.03719538, 12.8750124, 16.6112298
98.4125, 22.0000038, -5.450344713E-02, 11.1953493, 6.93186017, 20.3477326, 2.676274803E-03, -5.580818696E-03, 1.1594524, -9.384887334E-02, 0.199355558, 6.35673241, 7.227677538E-04, -6.853413118E-04, 1.03718421, 12.875047, 16.6109326
98.9125, 22.0000038, -5.45034457E-02, 11.1949309, 6.93170427, 20.3471712, 2.676448566E-03, -5.580773886E-03, 1.15944045, -9.393982239E-02, 0.199354815, 6.35686835, 7.227954754E-04, -6.853447747E-04, 1.03717327, 12.8750815, 16.6106415
99.4125, 22.0000038, -5.450344472E-02, 11.1945246, 6.93155312, 20.3466266, 2.676617988E-03, -5.580735918E-03, 1.15942879, -9.402772174E-02, 0.199353819, 6.35700037, 7.228225033E-04, -6.853512901E-04, 1.03716256, 12.8751144, 16.6103586
99.70625, 22.0000038, -5.450344396E-02, 11.1942919, 6.93146658, 20.346315, 2.67671541E-03, -5.580715778E-03, 1.15942205, -9.407808688E-02, 0.199353161, 6.35707645, 7.228380751E-04, -6.853612602E-04, 1.03715636, 12.8751342, 16.6101952
100, 22.0000038, -5.450344322E-02, 11.1940632, 6.93138167, 20.3460089, 2.676811564E-03, -5.580692932E-03, 1.15941543, -9.412744443E-02, 0.199352495, 6.35715127, 7.228534259E-04, -6.85364079E-04, 1.03715026, 12.8751531, 16.6100351
100.1, 81.2673798, -0.101976717, -18.2467664, -5.59405561, 22.5506626, 7.838040183E-04, -2.053000009E-03, -2.10830612, -3.26073325, -1.76992106, 20.997417, 1.457337166E-03, -1.623054847E-02, -1.96779534, 53.235719, -46.7839116
100.2, 81.2673798, -0.101872809, -18.02938, -5.54439343, 22.3061275, 7.773492824E-04, -2.135908917E-03, -2.10836746, -3.17582729, -1.77492666, 20.9404205, 1.453538065E-03, -1.635248746E-02, -1.96906273, 53.2254229, -44.9226366
100.35, 81.2673798, -0.101767161, -17.7836925, -5.48178922, 22.021054, 7.692689553E-04, -2.219638785E-03, -2.10769683, -3.08223717, -1.78139998, 20.880257, 1.450061182E-03, -1.647688338E-02, -1.97025049, 53.2118914, -43.1322527
100.575, 81.2673798, -0.101654704, -17.4972554, -5.39999697, 21.6769431, 7.588827658E-04, -2.31288901E-03, -2.10603999, -2.9771671, -1.7895449, 20.8150288, 1.447025869E-03, -1.661455581E-02, -1.97140535, 53.1936808, -41.3611246
100.9125, 81.2673798, -0.101532552, -17.1544664, -5.29062787, 21.2497771, 7.453691485E-04, -2.410678245E-03, -2.10296654, -2.85731666, -1.79972637, 20.7429961, 1.444685781E-03, -1.676176668E-02, -1.97252126, 53.1688702, -39.6087282
101.4125, 90.8781815, -8.975494321E-02, -18.8775789, -4.16226876, 21.3668218, 9.719772918E-04, -2.473750709E-03, -2.07483658, -4.10747807, -1.93756586, 22.4080059, 1.59600025E-03, -1.733360122E-02, -2.02367984, 46.487092, -33.5293399
101.9125, 90.8781815, -8.974391617E-02, -18.6291719, -4.07008796, 21.0516256, 9.631489592E-04, -2.493750524E-03, -2.06967229, -4.03875884, -1.93843755, 22.355615, 1.598100117E-03, -1.737091393E-02, -2.02298085, 46.4484143, -32.6929922
102.4125, 106.054504, -9.712773158E-02, -25.331843, -6.59387142, 29.8843767, 1.063424385E-03, 6.043781963E-05, -2.76462964, -4.89081017, -2.39075544, 25.7723584, 1.838387337E-03, -1.915072463E-02, -2.67388626, 54.1544724, -41.1155229
102.9125, 106.019165, -9.157981844E-02, -23.9527876, -5.82068158, 27.7796548, 1.061386081E-03, -6.289418444E-04, -2.56596312, -4.89378247, -2.25100076, 24.9517933, 1.793903825E-03, -1.877088856E-02, -2.5054588, 51.0963917, -36.1266921
103.4125, 104.447655, -9.007638397E-02, -22.9907382, -5.63254407, 26.7238564, 1.039202869E-03, -1.184425717E-03, -2.45377691, -4.67589728, -2.14690075, 24.0997141, 1.738968863E-03, -1.857614979E-02, -2.40198487, 50.5263496, -34.6177486
103.9125, 103.229942, -8.876546184E-02, -22.2277506, -5.42729751, 25.8231154, 1.029691339E-03, -1.247412972E-03, -2.35376452, -4.55228982, -2.0492022, 23.3227715, 1.691318175E-03, -1.812948654E-02, -2.30719043, 50.3490367, -33.6930099
104.4125, 103.095787, -8.745513041E-02, -21.7415989, -5.32188584, 25.2820049, 1.029039309E-03, -1.448066692E-03, -2.28370565, -4.48843066, -1.9551786, 22.6177715, 1.648749018E-03, -1.783322408E-02, -2.24056248, 50.4688249, -33.4028828
104.9125, 102.131775, -8.422881509E-02, -20.5883091, -4.92689358, 23.8203624, 1.007132691E-03, -1.854957894E-03, -2.115, -4.41281916, -1.76883595, 21.3034722, 1.566012092E-03, -1.717055804E-02, -2.0816772, 49.7211118, -31.9163555
105.4125, 102.131775, -8.418900982E-02, -20.3316296, -4.83765115, 23.4960362, 1.017665177E-03, -1.901932301E-03, -2.11172708, -4.33421746, -1.77578709, 21.2547736, 1.567145281E-03, -1.716198917E-02, -2.0817565, 49.688776, -31.8119898
105.9125, 102.131775, -8.414783205E-02, -20.0844343, -4.75080546, 23.1828954, 1.028964902E-03, -1.937742416E-03, -2.10810186, -4.26195888, -1.78068626, 21.2029386, 1.568034168E-03, -1.723439461E-02, -2.08139774, 49.6583953, -31.6423666
106.4125, 102.131775, -8.411011478E-02, -19.8493395, -4.66781886, 22.8846852, 1.041074648E-03, -1.972090132E-03, -2.10464163, -4.19330917, -1.78544132, 21.1544035, 1.569080447E-03, -1.729308173E-02, -2.08104891, 49.6287589, -31.4542728
106.9125, 109.307739, -8.818807381E-02, -22.7959288, -6.00090876, 27.0489399, 1.206020808E-03, -1.0014733E-03, -2.43490335, -4.46373227, -1.95076217, 22.3474633, 1.652934381E-03, -1.830304033E-02, -2.38198796, 54.2730155, -37.2112963
107.4125, 109.307739, -8.805897632E-02, -22.4287788, -5.89299749, 26.6040598, 1.220377063E-03, -1.090757955E-03, -2.43201011, -4.33611243, -1.96170165, 22.2663952, 1.651103383E-03, -1.845053219E-02, -2.38249112, 54.2433062, -36.1120911
107.9125, 105.496643, -8.199949481E-02, -19.6893104, -4.54107928, 22.6221712, 1.114343428E-03, -1.87380966E-03, -2.10775324, -4.18183397, -1.75130263, 20.7334822, 1.557642086E-03, -1.724892726E-02, -2.09059633, 50.327589, -30.1431227
108.4125, 105.496643, -8.196943079E-02, -19.4970425, -4.47205118, 22.376972, 1.12981096E-03, -2.012914087E-03, -2.1047945, -4.12722764, -1.75563012, 20.6960617, 1.559154735E-03, -1.724976433E-02, -2.09024753, 50.3006191, -29.9589051
108.9125, 105.496643, -8.194019587E-02, -19.3103182, -4.40496108, 22.1392313, 1.145257079E-03, -1.90912026E-03, -2.10170653, -4.07496166, -1.75923713, 20.6579023, 1.560528391E-03, -1.734301752E-02, -2.0896772, 50.2752099, -29.744833
109.4125, 105.673645, -8.314289391E-02, -19.4824206, -4.76513648, 22.7011571, 1.172845094E-03, -1.977912281E-03, -2.13998771, -3.9234003, -1.75513513, 20.5131857, 1.548875887E-03, -1.781013379E-02, -2.12302588, 51.3409443, -31.2208789
109.9125, 104.684654, -8.212034892E-02, -18.6906524, -4.50397312, 21.7051826, 1.154212421E-03, -2.254225373E-03, -2.06578657, -3.79977388, -1.69155028, 19.9945699, 1.516430059E-03, -1.750547126E-02, -2.05377928, 50.8587327, -30.1770372
110.4125, 104.57283, -8.126855711E-02, -18.40524, -4.27292885, 21.1937431, 1.165923078E-03, -2.257010851E-03, -2.03526296, -3.80937708, -1.68827423, 19.9182977, 1.517496858E-03, -1.737402451E-02, -2.02977628, 50.3389282, -29.4127435
110.9125, 104.26947, -8.095825939E-02, -18.1169489, -4.17972161, 20.8351067, 1.173775286E-03, -2.336361222E-03, -2.01082362, -3.75116255, -1.67092171, 19.728355, 1.507863276E-03, -1.728503364E-02, -2.00774378, 50.2565847, -29.1674321
111.4125, 104.157837, -8.069726636E-02, -17.8864234, -4.09756772, 20.5406235, 1.184181479E-03, -2.377313882E-03, -1.99510934, -3.70574654, -1.66017497, 19.5967363, 1.502232625E-03, -1.72499097E-02, -1.99438347, 50.1849513, -28.9568849
111.9125, 104.462654, -8.061780087E-02, -17.8458453, -4.10298493, 20.5127026, 1.204661095E-03, -2.377788766E-03, -1.99611794, -3.68457917, -1.65429879, 19.5131547, 1.499699733E-03, -1.726879632E-02, -1.99596724, 50.380837, -29.1529223
112.4125, 104.462654, -8.058660256E-02, -17.6966169, -4.04777366, 20.3200843, 1.218908346E-03, -2.402519097E-03, -1.99396376, -3.64228451, -1.65854458, 19.4845305, 1.500799532E-03, -1.730622171E-02, -1.99560473, 50.3592396, -29.046202
112.9125, 104.462654, -8.055632933E-02, -17.5538217, -3.99485589, 20.1356464, 1.233056862E-03, -2.42486828E-03, -1.99189433, -3.60205713, -1.66256245, 19.4571844, 1.501930779E-03, -1.734530219E-02, -1.99525937, 50.3378339, -28.9350583
113.4125, 103.096176, -7.918604088E-02, -16.6660725, -3.62553628, 18.9414239, 1.203136105E-03, -2.580277279E-03, -1.90107183, -3.5006905, -1.60249543, 18.9704594, 1.472163419E-03, -1.702229893E-02, -1.91229106, 49.3861876, -27.3352293
113.9125, 103.096176, -7.916569959E-02, -16.5502996, -3.58146881, 18.7910408, 1.216317336E-03, -2.64730261E-03, -1.89940957, -3.46917358, -1.60601273, 18.9499113, 1.473526431E-03, -1.701765134E-02, -1.91207366, 49.3641496, -27.2942401
114.4125, 110.010246, -8.472712041E-02, -19.8345447, -5.04415194, 23.360941, 1.445881419E-03, -1.694692153E-03, -2.2837916, -3.75003677, -1.83603735, 20.6131905, 1.587514072E-03, -1.841817915E-02, -2.26335553, 54.2113912, -33.9237694
114.9125, 110.010246, -8.463577586E-02, -19.6136727, -4.97627276, 23.0891268, 1.459125081E-03, -1.752677676E-03, -2.28205924, -3.67426882, -1.84372201, 20.5678058, 1.587126258E-03, -1.851113541E-02, -2.26359015, 54.1902013, -33.2639977
115.4125, 110.010246, -8.455087508E-02, -19.408635, -4.91196597, 22.8351978, 1.472515075E-03, -1.807539708E-03, -2.2803258, -3.60465535, -1.85092694, 20.5265976, 1.587028596E-03, -1.859672561E-02, -2.26373523, 54.1696055, -32.7125026
115.9125, 107.591034, -8.002987569E-02, -17.5510513, -3.84149127, 19.9815142, 1.370108722E-03, -2.219330524E-03, -2.0629569, -3.55874175, -1.74221289, 19.7407055, 1.542679769E-03, -1.77322618E-02, -2.0730169, 50.8895645, -27.9154071
116.4125, 107.591034, -8.000681794E-02, -17.4428653, -3.8036332, 19.8442084, 1.383942344E-03, -2.323984439E-03, -2.0613337, -3.52794931, -1.74468865, 19.7195648, 1.544017376E-03, -1.773087725E-02, -2.07264344, 50.8707352, -27.785507
116.9125, 105.720016, -7.923292383E-02, -16.5847305, -3.61217348, 18.8658012, 1.350553738E-03, -2.570675645E-03, -1.97603837, -3.33660829, -1.67836581, 19.1517334, 1.504906373E-03, -1.764129742E-02, -1.99292173, 50.1994562, -26.6718111
117.4125, 104.980911, -7.919610027E-02, -16.2601725, -3.54325875, 18.4990954, 1.348707647E-03, -2.669000121E-03, -1.95041496, -3.25348997, -1.6596421, 18.9503852, 1.49252053E-03, -1.755223556E-02, -1.9683493, 50.1333676, -26.4415232
117.9125, 104.433922, -7.888724331E-02, -15.9234521, -3.41601119, 18.0608335, 1.344703327E-03, -2.741513549E-03, -1.92238922, -3.19870296, -1.64359945, 18.7886852, 1.483680919E-03, -1.746889014E-02, -1.94277412, 49.8737807, -25.9587176
118.4125, 104.433922, -7.886918055E-02, -15.8412116, -3.38413345, 17.9532232, 1.35607288E-03, -2.755504872E-03, -1.92110001, -3.17699794, -1.64597038, 18.7737095, 1.484866703E-03, -1.748536776E-02, -1.94240607, 49.8562274, -25.9107855
118.9125, 106.594719, -8.03921883E-02, -16.8339987, -3.8026511, 19.2946356, 1.437958288E-03, -2.406779983E-03, -2.03466402, -3.27464718, -1.71673347, 19.2869831, 1.521993665E-03, -1.798570622E-02, -2.04783063, 51.213625, -27.9554015
119.4125, 106.594719, -8.036230449E-02, -16.7318259, -3.76593754, 19.1637079, 1.449210275E-03, -2.525973574E-03, -2.03311758, -3.24460461, -1.71951189, 19.2659336, 1.522770807E-03, -1.796438382E-02, -2.04725121, 51.1992088, -27.8603559
119.9125, 106.594719, -8.033519162E-02, -16.6385423, -3.7317286, 19.0432431, 1.460638394E-03, -2.531764737E-03, -2.03183955, -3.21779552, -1.72231448, 19.2483809, 1.523776367E-03, -1.799731022E-02, -2.04695469, 51.1830588, -27.7541813
120.4125, 106.594719, -8.030851342E-02, -16.5480624, -3.69868469, 18.9265704, 1.471756085E-03, -2.549541521E-03, -2.03058139, -3.19170035, -1.72497686, 19.2311056, 1.524744733E-03, -1.802303204E-02, -2.04662551, 51.1674237, -27.6496895
120.9125, 102.546326, -7.682802664E-02, -14.2577822, -2.66926803, 15.7990901, 1.336607005E-03, -2.549039661E-03, -1.79031066, -2.97754448, -1.58098384, 18.1219001, 1.452936128E-03, -1.718850383E-02, -1.82541747, 48.3411966, -22.9138173
121.4125, 102.546326, -7.681657158E-02, -14.2080927, -2.65275987, 15.7363112, 1.345395983E-03, -3.044534661E-03, -1.79001248, -2.96277371, -1.58303437, 18.1148395, 1.454133382E-03, -1.69507515E-02, -1.8255454, 48.3215881, -23.0272492
121.9125, 102.546326, -7.680694696E-02, -14.1597524, -2.63542138, 15.6749591, 1.353721009E-03, -2.99569204E-03, -1.78908167, -2.95042408, -1.58387188, 18.1042036, 1.455052375E-03, -1.698694792E-02, -1.82504475, 48.3056255, -22.9913546
122.4125, 118.119087, -9.017259509E-02, -21.8868638, -6.24549513, 26.6406925, 1.932079235E-03, -8.185524634E-04, -2.69984392, -3.49509546, -2.13079155, 22.0094461, 1.715665505E-03, -2.043337613E-02, -2.65526126, 59.5977223, -37.1605878
122.9125, 118.119087, -8.991647524E-02, -21.5211909, -6.15818084, 26.2208303, 1.936494088E-03, -9.662874636E-04, -2.6996811, -3.34415284, -2.14766542, 21.937657, 1.712470691E-03, -2.065632033E-02, -2.65685919, 59.5641, -35.3238842
123.4125, 116.32972, -8.297869708E-02, -19.51931, -4.65805242, 22.6540234, 1.778807208E-03, -1.559597056E-03, -2.43469114, -3.48155607, -2.04796327, 21.3034761, 1.68405387E-03, -1.975068193E-02, -2.43418453, 54.6686926, -28.7793729
123.9125, 116.32972, -8.294081098E-02, -19.4210326, -4.6259016, 22.5306369, 1.792523361E-03, -1.815008287E-03, -2.43337608, -3.4512411, -2.05009899, 21.2856749, 1.685547006E-03, -1.972921944E-02, -2.43393302, 54.6530249, -28.4720329
124.4125, 114.77552, -8.117887259E-02, -18.4189336, -4.21372237, 21.18033, 1.739920973E-03, -1.730657116E-03, -2.3247116, -3.34057245, -1.97926771, 20.7556875, 1.651864467E-03, -1.947436809E-02, -2.3353817, 53.3715229, -26.3301546
124.9125, 107.951439, -7.732018637E-02, -15.1909146, -3.08132892, 17.0681623, 1.536826601E-03, -2.435784345E-03, -1.98145381, -2.88135391, -1.74018501, 18.8628351, 1.52150903E-03, -1.848280537E-02, -2.01286369, 50.1863337, -20.859378
125.4125, 107.951439, -7.730858712E-02, -15.1518087, -3.06776472, 17.0176649, 1.545481757E-03, -2.779231141E-03, -1.98115714, -2.87061401, -1.74200626, 18.8600432, 1.522926188E-03, -1.811407827E-02, -2.01295753, 50.1690517, -20.9775053
125.9125, 106.704788, -7.850095994E-02, -15.0121292, -3.26938596, 17.0904475, 1.554125434E-03, -2.94877004E-03, -1.98569297, -2.69219654, -1.73257188, 18.6717168, 1.507023612E-03, -1.847951962E-02, -2.01334833, 50.7044826, -21.7609347
126.4125, 106.704788, -7.84860916E-02, -14.9708874, -3.24990767, 17.0324708, 1.561731224E-03, -3.023453152E-03, -1.98460508, -2.68450229, -1.73346888, 18.6641843, 1.507927903E-03, -1.847780645E-02, -2.01270075, 50.692575, -21.7616775
126.9125, 106.704788, -7.847253385E-02, -14.9337065, -3.23215064, 16.9797474, 1.569457908E-03, -3.021742781E-03, -1.98389224, -2.67697472, -1.73471688, 18.6589375, 1.508969312E-03, -1.848652882E-02, -2.01234418, 50.6796971, -21.7687551
127.4125, 106.704788, -7.845898754E-02, -14.8972481, -3.21492516, 16.9282912, 1.576948734E-03, -3.028437557E-03, -1.98316456, -2.66955501, -1.73587164, 18.6535064, 1.509963838E-03, -1.849390033E-02, -2.01196273, 50.6671195, -21.7755324
127.9125, 106.704788, -7.844559686E-02, -14.8618467, -3.198335, 16.8784796, 1.584248327E-03, -3.034123394E-03, -1.98246448, -2.66225015, -1.73698523, 18.6481701, 1.510932873E-03, -1.850128171E-02, -2.01159149, 50.6546998, -21.7826833
128.4125, 104.192726, -7.620198408E-02, -13.4047088, -2.48330189, 14.8397648, 1.489230102E-03, -3.016925713E-03, -1.82982663, -2.55970964, -1.65088423, 17.9970128, 1.469791442E-03, -1.780296318E-02, -1.87063446, 48.8252411, -18.6797126
128.9125, 104.192726, -7.619387783E-02, -13.388216, -2.47751214, 14.8176977, 1.494839646E-03, -3.245917658E-03, -1.82979024, -2.55587746, -1.65164602, 17.9956024, 1.470704309E-03, -1.770323314E-02, -1.8706347, 48.8099446, -18.7289587
129.4125, 109.629501, -8.260878494E-02, -16.4819423, -4.07995893, 19.2954982, 1.733564679E-03, -2.606549205E-03, -2.19735792, -2.71147716, -1.85020086, 19.4301263, 1.564058704E-03, -1.931880222E-02, -2.20165794, 53.8509522, -26.2246544
129.9125, 109.566986, -7.963541763E-02, -15.8775815, -3.38931359, 17.9999452, 1.683423577E-03, -2.311654012E-03, -2.10933335, -2.87225559, -1.84297204, 19.4327741, 1.573500743E-03, -1.88466934E-02, -2.13228962, 51.7002092, -23.3417882
130.4125, 109.161118, -7.877916556E-02, -15.4946445, -3.20640375, 17.4640237, 1.665962873E-03, -2.688809884E-03, -2.06919992, -2.84515242, -1.81812817, 19.265114, 1.563892638E-03, -1.870667394E-02, -2.0969917, 51.0691681, -22.5170123
130.9125, 106.638458, -7.733304471E-02, -14.3079364, -2.83976968, 16.0110693, 1.595771682E-03, -3.021637335E-03, -1.94301853, -2.64718518, -1.72856246, 18.5598263, 1.514787268E-03, -1.837299801E-02, -1.97934836, 49.8107166, -20.5576188
131.4125, 106.091705, -7.825410801E-02, -14.3474094, -2.99296664, 16.1953194, 1.610570758E-03, -3.100071639E-03, -1.95772932, -2.56047205, -1.73468731, 18.5258539, 1.51129291E-03, -1.848238078E-02, -1.99013788, 50.3170195, -21.2892122
131.9125, 106.091705, -7.824210255E-02, -14.3211451, -2.98088809, 16.1588104, 1.615977099E-03, -3.143858418E-03, -1.95699138, -2.55530622, -1.73513924, 18.5204109, 1.511950356E-03, -1.849397491E-02, -1.98960509, 50.3068323, -21.2912308
132.4125, 106.091705, -7.823100204E-02, -14.2974674, -2.96989401, 16.1256297, 1.621443508E-03, -3.143811884E-03, -1.95652173, -2.55033344, -1.73584968, 18.5166266, 1.512707805E-03, -1.849808808E-02, -1.98930527, 50.29561, -21.2995576
132.9125, 105.004158, -7.68696785E-02, -13.5972429, -2.5639847, 15.0890457, 1.575128111E-03, -3.107563224E-03, -1.87836883, -2.5371248, -1.69684353, 18.2406012, 1.496879653E-03, -1.806553173E-02, -1.91809613, 49.2343307, -19.5896332
133.4125, 105.794891, -7.807966261E-02, -14.1420537, -2.79849693, 15.8131808, 1.619416802E-03, -2.997905739E-03, -1.94271732, -2.57701131, -1.74355578, 18.5388677, 1.518303973E-03, -1.828814872E-02, -1.97602948, 50.1103454, -20.8898913
133.9125, 105.431915, -7.75874224E-02, -13.8283518, -2.75262977, 15.4784898, 1.606064421E-03, -3.263789818E-03, -1.91619301, -2.50368937, -1.71386704, 18.3388409, 1.503737323E-03, -1.83759865E-02, -1.95291052, 49.6977296, -20.4151823
134.4125, 104.841347, -7.756868813E-02, -13.6305189, -2.70025057, 15.2441706, 1.598780183E-03, -3.297497213E-03, -1.89775264, -2.45812733, -1.70463975, 18.2397217, 1.497316894E-03, -1.829536757E-02, -1.93498614, 49.5791183, -20.2082109
134.9125, 104.69236, -7.7555393E-02, -13.5663084, -2.67691809, 15.1617166, 1.599599318E-03, -3.313301296E-03, -1.89308305, -2.44580951, -1.70310399, 18.2173116, 1.496499751E-03, -1.828301964E-02, -1.9305383, 49.5302792, -20.1461954
135.4125, 104.536995, -7.756517343E-02, -13.5006974, -2.65308341, 15.0774506, 1.600093998E-03, -3.331776373E-03, -1.88943095, -2.4317398, -1.70293871, 18.2033956, 1.496224676E-03, -1.828138981E-02, -1.92711331, 49.4762955, -20.0792305
135.9125, 104.56926, -7.77351831E-02, -13.529349, -2.67988164, 15.1287257, 1.607447897E-03, -3.33286264E-03, -1.89597723, -2.42312838, -1.70715526, 18.2237678, 1.498061276E-03, -1.832679345E-02, -1.93289011, 49.572772, -20.2378952
136.4125, 104.51371, -7.763872291E-02, -13.4820209, -2.643026, 15.0493973, 1.608277875E-03, -3.334955429E-03, -1.89170997, -2.42377647, -1.70784473, 18.2231317, 1.499022476E-03, -1.830605628E-02, -1.92930204, 49.4716187, -20.1197331
136.9125, 104.471703, -7.767936966E-02, -13.4581049, -2.64162539, 15.0252068, 1.611440059E-03, -3.349384809E-03, -1.89219512, -2.41354392, -1.70854555, 18.2214529, 1.49941819E-03, -1.832574275E-02, -1.92972405, 49.4679299, -20.1372502
137.4125, 104.453316, -7.771580836E-02, -13.4471384, -2.6366304, 15.0097348, 1.615088415E-03, -3.352042452E-03, -1.8932871, -2.40887848, -1.71101138, 18.2321955, 1.500817668E-03, -1.833904797E-02, -1.93079987, 49.4601078, -20.1508859
137.9125, 104.444801, -7.776511228E-02, -13.4413532, -2.63578208, 15.0029918, 1.61906313E-03, -3.355119767E-03, -1.89503798, -2.40385806, -1.71357697, 18.2440746, 1.502245335E-03, -1.835633734E-02, -1.93245019, 49.4636107, -20.1805198
138.4125, 104.432213, -7.774296967E-02, -13.4188273, -2.62572003, 14.9721345, 1.62165531E-03, -3.361830116E-03, -1.89411679, -2.40007631, -1.71359767, 18.2410732, 1.502678073E-03, -1.836024868E-02, -1.93169651, 49.4337254, -20.1621476
138.9125, 104.421585, -7.775738919E-02, -13.4112586, -2.61906641, 14.9583653, 1.625105185E-03, -3.361593745E-03, -1.89463219, -2.39815602, -1.71564913, 18.2499024, 1.503975707E-03, -1.836524631E-02, -1.93224211, 49.4209428, -20.1696432
139.4125, 104.459839, -7.783964316E-02, -13.4306914, -2.62692421, 14.9832989, 1.630487284E-03, -3.35770235E-03, -1.89902092, -2.39660739, -1.72019873, 18.2772846, 1.506456908E-03, -1.83918806E-02, -1.93636991, 49.4486842, -20.2396296
139.9125, 104.459839, -7.783148773E-02, -13.4199344, -2.62204262, 14.9683357, 1.633652311E-03, -3.360634565E-03, -1.89873304, -2.39439588, -1.72035873, 18.2750401, 1.506925285E-03, -1.839438275E-02, -1.93611221, 49.4389959, -20.2474339
140.4125, 104.358742, -7.767623823E-02, -13.3448939, -2.57890916, 14.8578634, 1.631711674E-03, -3.371593238E-03, -1.89103034, -2.391085, -1.71730749, 18.2508006, 1.506067282E-03, -1.836159699E-02, -1.92929171, 49.3060389, -20.0775721
140.9125, 104.467789, -7.795810163E-02, -13.4243201, -2.64003648, 14.9884211, 1.642028075E-03, -3.362013977E-03, -1.90276813, -2.38257481, -1.7224661, 18.2799205, 1.508152979E-03, -1.842578885E-02, -1.93946618, 49.509882, -20.380064
141.4125, 104.418282, -7.779977728E-02, -13.3608854, -2.60221486, 14.8936886, 1.640741943E-03, -3.381161392E-03, -1.89673559, -2.38088091, -1.71982618, 18.2617063, 1.507642342E-03, -1.840992713E-02, -1.93437001, 49.3811732, -20.2263218
141.9125, 104.400978, -7.778449991E-02, -13.3549542, -2.58957667, 14.8759958, 1.643492051E-03, -3.374615302E-03, -1.89605854, -2.38298469, -1.72187206, 18.2708205, 1.509024002E-03, -1.839858994E-02, -1.9338289, 49.3530154, -20.2130403
142.4125, 104.384613, -7.777503094E-02, -13.3391113, -2.58279577, 14.8545635, 1.645762929E-03, -3.379267165E-03, -1.89545057, -2.37973107, -1.72209345, 18.2692449, 1.509461883E-03, -1.840079397E-02, -1.93329492, 49.3330622, -20.2059346
142.9125, 104.442245, -7.784873536E-02, -13.3662897, -2.59702334, 14.8927742, 1.651130511E-03, -3.374627115E-03, -1.89972383, -2.379257, -1.72516291, 18.2881256, 1.511234437E-03, -1.842412545E-02, -1.9371981, 49.3786769, -20.2975467
143.4125, 104.338394, -7.768385432E-02, -13.2899021, -2.55386968, 14.7812827, 1.64852469E-03, -3.386551159E-03, -1.89153447, -2.37606659, -1.72146114, 18.2600978, 1.510037658E-03, -1.838882285E-02, -1.92990159, 49.2441058, -20.1225015
143.9125, 104.455345, -7.797135788E-02, -13.3747315, -2.61803312, 14.9195491, 1.658759316E-03, -3.375497871E-03, -1.90363665, -2.36810809, -1.7265734, 18.2896395, 1.512073681E-03, -1.845336378E-02, -1.94037778, 49.4563623, -20.4350763
144.4125, 104.417374, -7.781225692E-02, -13.3018918, -2.58795965, 14.8234791, 1.656643947E-03, -3.404980749E-03, -1.8974996, -2.36124227, -1.72125831, 18.2569866, 1.510257215E-03, -1.844626423E-02, -1.93506253, 49.3412123, -20.2915802
144.9125, 104.392509, -7.777413656E-02, -13.3057124, -2.56607561, 14.806429, 1.659105931E-03, -3.38711759E-03, -1.89613276, -2.37038685, -1.72516318, 18.2761473, 1.512531054E-03, -1.841919743E-02, -1.93400161, 49.2937169, -20.2570272
145.4125, 104.383606, -7.777242188E-02, -13.2949815, -2.56398428, 14.794182, 1.661335412E-03, -3.392557723E-03, -1.89593621, -2.36687476, -1.72508451, 18.2732683, 1.512768005E-03, -1.842378985E-02, -1.93379264, 49.2852006, -20.2651855
145.9125, 104.341393, -7.773859112E-02, -13.2666647, -2.55176487, 14.7561946, 1.662111044E-03, -3.399224588E-03, -1.89372758, -2.362635, -1.72425419, 18.2642134, 1.51262193E-03, -1.841829342E-02, -1.93177897, 49.2473006, -20.2281969
146.4125, 104.341393, -7.773131274E-02, -13.2594222, -2.54893636, 14.7465675, 1.664316015E-03, -3.401360487E-03, -1.89354075, -2.36086438, -1.72433012, 18.262643, 1.512966131E-03, -1.841974455E-02, -1.93159369, 49.2384973, -20.235451
146.9125, 104.441368, -7.786461933E-02, -13.3146634, -2.57958189, 14.8261765, 1.671227773E-03, -3.391404883E-03, -1.90082254, -2.36138297, -1.72853123, 18.2900282, 1.515153316E-03, -1.845569131E-02, -1.93812716, 49.3367644, -20.3993081
147.4125, 104.315536, -7.759944369E-02, -13.2137518, -2.51471825, 14.6721147, 1.665793878E-03, -3.402406333E-03, -1.88895953, -2.36235729, -1.72340742, 18.2549385, 1.513580138E-03, -1.839825422E-02, -1.92767631, 49.1313834, -20.1249552
147.9125, 104.427048, -7.771986409E-02, -13.289837, -2.53065138, 14.7574682, 1.673154561E-03, -3.368463048E-03, -1.89658678, -2.37688666, -1.73091546, 18.3056861, 1.517815633E-03, -1.840031121E-02, -1.93457341, 49.217628, -20.2667276
148.4125, 104.406693, -7.775868171E-02, -13.2595334, -2.55388633, 14.7502712, 1.674790082E-03, -3.409823522E-03, -1.89668823, -2.35467908, -1.72653987, 18.2722299, 1.515279303E-03, -1.845032688E-02, -1.93446669, 49.2448788, -20.3253404
148.9125, 104.389702, -7.775060251E-02, -13.2512523, -2.54864771, 14.7375368, 1.676552331E-03, -3.406882208E-03, -1.89599974, -2.35339389, -1.72691597, 18.2715388, 1.515678553E-03, -1.844464394E-02, -1.93381747, 49.2319374, -20.324708
149.4125, 104.427834, -7.779227361E-02, -13.2687222, -2.55740131, 14.7617105, 1.680233974E-03, -3.403964841E-03, -1.89860629, -2.35331709, -1.72879207, 18.2828445, 1.516825673E-03, -1.845806462E-02, -1.9361755, 49.2594958, -20.385943
149.9125, 104.427834, -7.778507266E-02, -13.2619125, -2.55479913, 14.7527799, 1.682092373E-03, -3.40639672E-03, -1.89842619, -2.35154412, -1.72888121, 18.2814068, 1.51711603E-03, -1.846006596E-02, -1.93600343, 49.2512651, -20.3922022
150.4125, 104.329399, -7.762565254E-02, -13.1910549, -2.51524463, 14.6501097, 1.67887518E-03, -3.417490062E-03, -1.89055333, -2.34872815, -1.72506821, 18.2533001, 1.515744661E-03, -1.842512863E-02, -1.92896133, 49.1250844, -20.2268618
150.9125, 104.442307, -7.789540712E-02, -13.273705, -2.57708408, 14.7839604, 1.688000795E-03, -3.406793004E-03, -1.90201086, -2.3416919, -1.72978603, 18.2810836, 1.51754836E-03, -1.8485566E-02, -1.93887046, 49.3269019, -20.5222501
151.4125, 104.390648, -7.772941084E-02, -13.2113364, -2.54163672, 14.6929375, 1.685310543E-03, -3.426676049E-03, -1.8955413, -2.34007509, -1.72621788, 18.2576549, 1.516436608E-03, -1.846663056E-02, -1.93330598, 49.2017145, -20.3674832
151.9125, 104.379364, -7.770529383E-02, -13.2096322, -2.53094932, 14.6813318, 1.686890353E-03, -3.419236276E-03, -1.89470347, -2.34341158, -1.72776205, 18.2648058, 1.517474113E-03, -1.84525845E-02, -1.93259262, 49.1755471, -20.3530819
152.4125, 104.367058, -7.768669242E-02, -13.1969628, -2.52603196, 14.6648135, 1.687986566E-03, -3.423506649E-03, -1.89385091, -2.34109906, -1.72738634, 18.2605004, 1.517514644E-03, -1.845194459E-02, -1.93180197, 49.1574593, -20.3442289
152.9125, 104.430946, -7.775375371E-02, -13.2285417, -2.54277924, 14.709543, 1.692342233E-03, -3.41817863E-03, -1.89801302, -2.34163657, -1.7299162, 18.2770056, 1.518916903E-03, -1.84729854E-02, -1.9355665, 49.2073441, -20.437421
153.4125, 104.311531, -7.756846172E-02, -13.1456269, -2.49717639, 14.5901873, 1.687864555E-03, -3.431625398E-03, -1.88867243, -2.33822338, -1.72523598, 18.2429326, 1.517102197E-03, -1.843172925E-02, -1.92719016, 49.0616145, -20.2408664
153.9125, 104.465485, -7.790432986E-02, -13.2559035, -2.5748236, 14.7643161, 1.698841706E-03, -3.414292224E-03, -1.90340331, -2.3318558, -1.7315714, 18.282104, 1.519564616E-03, -1.850649798E-02, -1.93999729, 49.3150635, -20.6077972
154.4125, 104.416969, -7.753690127E-02, -13.1782224, -2.48316462, 14.6078004, 1.692828584E-03, -3.400005213E-03, -1.89148325, -2.35506729, -1.73022588, 18.2809003, 1.520820578E-03, -1.841858066E-02, -1.93005172, 49.0405116, -20.2490436
154.9125, 104.385704, -7.767808129E-02, -13.1741995, -2.52514023, 14.6419592, 1.695948885E-03, -3.439251333E-03, -1.89450161, -2.33062997, -1.72754542, 18.2540208, 1.518534057E-03, -1.847393447E-02, -1.93228693, 49.1391468, -20.4008769
155.4125, 104.374939, -7.765784466E-02, -13.1689921, -2.51741067, 14.6299352, 1.697044975E-03, -3.434371063E-03, -1.89366256, -2.33179552, -1.72827051, 18.2566483, 1.519113188E-03, -1.846509878E-02, -1.9315491, 49.1184478, -20.3877083
155.9125, 104.382355, -7.766966009E-02, -13.1701177, -2.52032266, 14.6335148, 1.698873984E-03, -3.436537339E-03, -1.89436259, -2.32980413, -1.72870599, 18.2578106, 1.519439498E-03, -1.847176533E-02, -1.93214498, 49.1243077, -20.412786
156.4125, 104.326492, -7.760286984E-02, -13.1335991, -2.50281988, 14.5832472, 1.697753141E-03, -3.444114325E-03, -1.89064854, -2.32639793, -1.72683057, 18.2425012, 1.518712053E-03, -1.845731859E-02, -1.92875767, 49.067977, -20.3439712
156.9125, 104.43895, -7.77590726E-02, -13.2000004, -2.54045894, 14.6796578, 1.704476108E-03, -3.432381193E-03, -1.89901887, -2.32718909, -1.73138728, 18.272824, 1.520890639E-03, -1.849761556E-02, -1.93623328, 49.1863613, -20.5319563
157.4125, 104.31546, -7.746706538E-02, -13.0978988, -2.47078572, 14.5205842, 1.697609934E-03, -3.441232036E-03, -1.88649079, -2.33074273, -1.72617843, 18.238764, 1.519284477E-03, -1.843393666E-02, -1.92524713, 48.9637346, -20.2312475
157.9125, 104.415131, -7.762229542E-02, -13.1801811, -2.49496743, 14.6192939, 1.704586453E-03, -3.40847537E-03, -1.89475979, -2.34268538, -1.73375753, 18.2877638, 1.523149973E-03, -1.844085706E-02, -1.93259583, 49.0751786, -20.4016406
158.4125, 104.403969, -7.763413583E-02, -13.1485898, -2.51471967, 14.6076655, 1.705022948E-03, -3.450320007E-03, -1.89439875, -2.32262657, -1.72907331, 18.2548953, 1.520536035E-03, -1.848774487E-02, -1.9321552, 49.0863061, -20.4360384
158.9125, 104.386803, -7.762502878E-02, -13.1418535, -2.51069447, 14.5976176, 1.705900827E-03, -3.447285611E-03, -1.89369244, -2.3215169, -1.7292918, 18.2536781, 1.52073025E-03, -1.848168168E-02, -1.9314786, 49.0745969, -20.432877
159.4125, 104.41996, -7.76591943E-02, -13.1581783, -2.5191414, 14.6205148, 1.708526301E-03, -3.444926511E-03, -1.89590792, -2.32159427, -1.73078895, 18.2628298, 1.521572632E-03, -1.84929172E-02, -1.93346692, 49.0991884, -20.4849316
159.9125, 104.41996, -7.76526208E-02, -13.153483, -2.51757803, 14.6146184, 1.709572974E-03, -3.447070035E-03, -1.89579401, -2.32014885, -1.73089513, 18.2619731, 1.521746802E-03, -1.849488453E-02, -1.93335263, 49.0920129, -20.488621
160.4125, 104.331696, -7.750913268E-02, -13.091293, -2.48295851, 14.5248057, 1.706050243E-03, -3.457123754E-03, -1.88875548, -2.31774812, -1.72744945, 18.2368153, 1.52040301E-03, -1.846353185E-02, -1.92704989, 48.9793835, -20.3390271
160.9125, 104.432777, -7.774949164E-02, -13.1665076, -2.53893943, 14.6461713, 1.713688904E-03, -3.447898125E-03, -1.89902473, -2.31161993, -1.73167306, 18.2619279, 1.521930693E-03, -1.851777771E-02, -1.93593163, 49.1598068, -20.6007179
161.4125, 104.384544, -7.760069494E-02, -13.1111946, -2.50794818, 14.5660547, 1.710637139E-03, -3.465607675E-03, -1.89318898, -2.31008352, -1.72838462, 18.240471, 1.520785824E-03, -1.850049716E-02, -1.93089269, 49.0484042, -20.4601589
161.9125, 104.376137, -7.757809256E-02, -13.1113712, -2.4989478, 14.5578998, 1.711500574E-03, -3.458591466E-03, -1.89250248, -2.31343568, -1.72981307, 18.2474597, 1.521653306E-03, -1.848797029E-02, -1.93031319, 49.025084, -20.4452299
162.4125, 104.365776, -7.756034297E-02, -13.1012071, -2.49515188, 14.5448461, 1.711930771E-03, -3.462425154E-03, -1.89176091, -2.31154454, -1.72946743, 18.2437877, 1.521599387E-03, -1.848744524E-02, -1.92962253, 49.0089236, -20.4350282
162.9125, 104.425171, -7.762146163E-02, -13.1316551, -2.511268, 14.5879695, 1.715388552E-03, -3.457482306E-03, -1.89562274, -2.31224813, -1.73178785, 18.2591864, 1.522796137E-03, -1.85068452E-02, -1.9331126, 49.0553327, -20.5185645
163.4125, 104.313087, -7.744859538E-02, -13.0553876, -2.4694541, 14.4785, 1.710584742E-03, -3.470121592E-03, -1.88692315, -2.3091435, -1.72740233, 18.2274481, 1.520990785E-03, -1.846833811E-02, -1.92530559, 48.9199763, -20.333158
163.9125, 104.459419, -7.776352319E-02, -13.1609595, -2.54299222, 14.6442848, 1.720429037E-03, -3.453841836E-03, -1.90084661, -2.30358774, -1.7334384, 18.2651567, 1.523268098E-03, -1.853887327E-02, -1.93742315, 49.1581631, -20.6749352
164.4125, 104.409279, -7.741081311E-02, -13.0859677, -2.45610834, 14.495058, 1.713889557E-03, -3.441202815E-03, -1.8893205, -2.32526863, -1.73195082, 18.2626735, 1.524236638E-03, -1.845537446E-02, -1.92778777, 48.8949485, -20.3281083
164.9125, 104.383179, -7.755137765E-02, -13.0860085, -2.49769525, 14.532566, 1.716526814E-03, -3.476882008E-03, -1.89251717, -2.30253914, -1.72958792, 18.2387594, 1.522074453E-03, -1.850824563E-02, -1.93019503, 48.9943705, -20.4758605
165.4125, 104.373787, -7.753139218E-02, -13.082463, -2.49078074, 14.5229343, 1.717015807E-03, -3.472141792E-03, -1.89174982, -2.30397965, -1.73031216, 18.2417474, 1.52255615E-03, -1.849974069E-02, -1.92952277, 48.9748612, -20.4602628
165.9125, 104.381371, -7.754326419E-02, -13.0849986, -2.49430532, 14.5284466, 1.718244805E-03, -3.474072531E-03, -1.89248375, -2.30226376, -1.7307529, 18.2432628, 1.522790226E-03, -1.850630712E-02, -1.93015007, 48.9814663, -20.482155
166.4125, 104.326569, -7.747748591E-02, -13.0503794, -2.47768598, 14.4808649, 1.716564697E-03, -3.481349733E-03, -1.88885869, -2.29915444, -1.72890677, 18.2284703, 1.521982502E-03, -1.849198514E-02, -1.92684321, 48.9267626, -20.411611
166.9125, 104.43647, -7.763096588E-02, -13.1166112, -2.51518955, 14.5769607, 1.722630848E-03, -3.469854051E-03, -1.8970908, -2.30009185, -1.73336987, 18.2584028, 1.524026348E-03, -1.853155157E-02, -1.93419412, 49.043623, -20.5928381
167.4125, 104.316643, -7.7345609E-02, -13.0184117, -2.44766579, 14.4237295, 1.715358178E-03, -3.478201473E-03, -1.88491104, -2.30388726, -1.72832944, 18.2257208, 1.522392192E-03, -1.846924708E-02, -1.92351897, 48.8266478, -20.2966409
167.9125, 104.412041, -7.749792804E-02, -13.0994135, -2.47200771, 14.5214174, 1.721644873E-03, -3.446555263E-03, -1.89297711, -2.31543469, -1.73569749, 18.2733493, 1.526044119E-03, -1.847647941E-02, -1.93068363, 48.9362264, -20.4604722
168.4125, 104.402199, -7.750927914E-02, -13.0699107, -2.49159832, 14.5115638, 1.721596459E-03, -3.486828695E-03, -1.89267311, -2.29626405, -1.73115622, 18.2418885, 1.523445373E-03, -1.852174601E-02, -1.93029771, 48.9476943, -20.4906813
168.9125, 104.385895, -7.750061075E-02, -13.0645323, -2.48820544, 14.503423, 1.721967544E-03, -3.483771158E-03, -1.89202993, -2.29538747, -1.73138677, 18.2410533, 1.523563103E-03, -1.851593673E-02, -1.9296803, 48.9369822, -20.4848529
169.4125, 104.418442, -7.753396192E-02, -13.0815436, -2.49693121, 14.5272512, 1.724058022E-03, -3.481367508E-03, -1.89422097, -2.29566109, -1.7328536, 18.2502441, 1.524309769E-03, -1.852689927E-02, -1.93164744, 48.9615922, -20.5326617
169.9125, 104.418442, -7.752788504E-02, -13.0780183, -2.49588305, 14.5229698, 1.724614551E-03, -3.483330183E-03, -1.89414688, -2.29442526, -1.73297751, 18.2497442, 1.524411269E-03, -1.852885547E-02, -1.93157025, 48.9552198, -20.5333518
170.4125, 104.332069, -7.738802412E-02, -13.0182449, -2.46254155, 14.4366937, 1.720696011E-03, -3.493011306E-03, -1.88730081, -2.29223124, -1.72962259, 18.2254176, 1.52302396E-03, -1.849819163E-02, -1.92543981, 48.8458624, -20.3845716
170.9125, 104.431351, -7.762349908E-02, -13.0930057, -2.51776931, 14.5568775, 1.72777214E-03, -3.483923102E-03, -1.89739635, -2.28645375, -1.7337882, 18.2504303, 1.524466022E-03, -1.855143498E-02, -1.93417655, 49.0230155, -20.637515
171.4125, 104.383347, -7.747814758E-02, -13.0395103, -2.48785552, 14.4795439, 1.72431484E-03, -3.501162191E-03, -1.89168696, -2.28502536, -1.73055072, 18.2294552, 1.523257824E-03, -1.853437883E-02, -1.92924354, 48.9146023, -20.4969117
171.9125, 104.375565, -7.745625829E-02, -13.0407978, -2.47944857, 14.4730367, 1.724737582E-03, -3.494051021E-03, -1.89106043, -2.28853267, -1.73198251, 18.2367146, 1.524052312E-03, -1.852213043E-02, -1.92872005, 48.8923841, -20.4795192
172.4125, 104.365585, -7.743908335E-02, -13.0317939, -2.47613692, 14.4615552, 1.724745584E-03, -3.497681282E-03, -1.89036762, -2.28685337, -1.73166097, 18.2334175, 1.5239383E-03, -1.852163109E-02, -1.92807532, 48.8771472, -20.4667041
172.9125, 104.424286, -7.749967942E-02, -13.0627786, -2.49244119, 14.5053668, 1.727757508E-03, -3.492702317E-03, -1.89420956, -2.28772102, -1.73396438, 18.2488923, 1.525057614E-03, -1.854081985E-02, -1.93154884, 48.923585, -20.5461928
173.4125, 104.313316, -7.732916199E-02, -12.9882436, -2.45150662, 14.3984187, 1.722583937E-03, -3.505030115E-03, -1.88563608, -2.28479651, -1.72963969, 18.2177452, 1.523206649E-03, -1.85026651E-02, -1.92385552, 48.7904558, -20.3603067
173.9125, 104.458603, -7.764133747E-02, -13.0938289, -2.52469955, 14.5638184, 1.731990098E-03, -3.488858242E-03, -1.8994667, -2.27950961, -1.73564749, 18.2554996, 1.525417376E-03, -1.857269223E-02, -1.93589775, 49.026927, -20.6955217
174.4125, 104.408081, -7.729102411E-02, -13.0198174, -2.4387706, 14.416572, 1.725032911E-03, -3.476301784E-03, -1.88801391, -2.30108279, -1.73414347, 18.2529658, 1.526287302E-03, -1.848971668E-02, -1.92632263, 48.7658811, -20.3483017
174.9125, 104.382874, -7.743205522E-02, -13.0211883, -2.48059619, 14.4554885, 1.727340444E-03, -3.511325643E-03, -1.8912707, -2.27873809, -1.73184725, 18.2297653, 1.524108491E-03, -1.85422666E-02, -1.92878778, 48.8661151, -20.4930904
175.4125, 104.373657, -7.74124622E-02, -13.0185253, -2.47405071, 14.4470638, 1.727456966E-03, -3.506483196E-03, -1.89053625, -2.28034906, -1.73258407, 18.233017, 1.524533332E-03, -1.853378342E-02, -1.92814694, 48.8473301, -20.4748033
175.9125, 104.381264, -7.742473315E-02, -13.0218921, -2.47791653, 14.4536904, 1.728327275E-03, -3.508270085E-03, -1.89129866, -2.27879613, -1.73303743, 18.2347877, 1.524712676E-03, -1.854033546E-02, -1.92880168, 48.854621, -20.4938836
176.4125, 104.326553, -7.735941951E-02, -12.9881297, -2.4616531, 14.4072837, 1.726291828E-03, -3.515355262E-03, -1.88770599, -2.27585081, -1.73120598, 18.2202591, 1.523851815E-03, -1.85259691E-02, -1.92552554, 48.8006716, -20.4207873
176.9125, 104.436218, -7.751304577E-02, -13.0550032, -2.49940924, 14.5041946, 1.732020788E-03, -3.503835353E-03, -1.89594879, -2.27693151, -1.73567092, 18.2503617, 1.525839836E-03, -1.856552731E-02, -1.93288795, 48.9179878, -20.5987606
177.4125, 104.316772, -7.722869008E-02, -12.9578395, -2.43235312, 14.3524718, 1.724402779E-03, -3.511904012E-03, -1.88382691, -2.28088467, -1.73065986, 18.2180184, 1.524157093E-03, -1.850322693E-02, -1.92226602, 48.7021518, -20.3009364
177.9125, 104.411713, -7.738112842E-02, -13.0393218, -2.45696113, 14.4508639, 1.73035337E-03, -3.480304586E-03, -1.89189546, -2.29250697, -1.73801723, 18.2656925, 1.527744476E-03, -1.851055705E-02, -1.92943449, 48.8121548, -20.4618179
178.4125, 104.402016, -7.739277356E-02, -13.0106316, -2.47676914, 14.4419515, 1.730004472E-03, -3.520311381E-03, -1.89161873, -2.27355261, -1.73350102, 18.2345829, 1.525110617E-03, -1.855563312E-02, -1.92907528, 48.8242078, -20.4891803
178.9125, 104.385796, -7.738451567E-02, -13.0059819, -2.47367197, 14.4347912, 1.730066069E-03, -3.517129524E-03, -1.89100338, -2.27282045, -1.73374325, 18.2339738, 1.525181038E-03, -1.854981345E-02, -1.9284848, 48.8141594, -20.4807815
179.4125, 104.418282, -7.741814718E-02, -13.0236325, -2.48264793, 14.4594621, 1.731853955E-03, -3.51460927E-03, -1.8932124, -2.27323185, -1.73521652, 18.2433485, 1.525879452E-03, -1.856074386E-02, -1.93046992, 48.8393255, -20.5258092
179.9125, 104.418282, -7.741248671E-02, -13.0207867, -2.48186952, 14.4560864, 1.732116477E-03, -3.516449235E-03, -1.89316281, -2.2721341, -1.73535177, 18.2430637, 1.525936048E-03, -1.856268107E-02, -1.93041654, 48.8335843, -20.5239016
180.4125, 104.332115, -7.72733633E-02, -12.9618109, -2.44887355, 14.3709242, 1.727909994E-03, -3.525910747E-03, -1.88635721, -2.2700753, -1.73201642, 18.2189963, 1.524506755E-03, -1.853199199E-02, -1.92432391, 48.725123, -20.3731429
180.9125, 104.431198, -7.750868604E-02, -13.0370434, -2.50421964, 14.4916247, 1.734714482E-03, -3.516797126E-03, -1.89645316, -2.26444407, -1.73618394, 18.2441711, 1.52590689E-03, -1.858519459E-02, -1.93306417, 48.9024539, -20.6226963
181.4125, 104.383217, -7.736405297E-02, -12.9842648, -2.47461994, 14.4152941, 1.730982278E-03, -3.533846034E-03, -1.89077629, -2.26313996, -1.73296116, 18.2234111, 1.524656492E-03, -1.856807893E-02, -1.92816101, 48.794889, -20.479979
181.9125, 104.375504, -7.734259213E-02, -12.9861687, -2.46646605, 14.4096269, 1.731136127E-03, -3.526600501E-03, -1.89017454, -2.26676879, -1.73440163, 18.2308537, 1.525408489E-03, -1.855582591E-02, -1.92766164, 48.7733159, -20.4602189
182.4125, 104.365562, -7.732582459E-02, -12.9777739, -2.46339078, 14.3989518, 1.730885733E-03, -3.530082037E-03, -1.88950493, -2.26521525, -1.73409088, 18.2277517, 1.525255004E-03, -1.85553063E-02, -1.9270396, 48.7586947, -20.4450562
182.9125, 104.424187, -7.738671267E-02, -13.0092912, -2.47989357, 14.4434493, 1.733647276E-03, -3.52502936E-03, -1.8933622, -2.26620312, -1.73640012, 18.2433856, 1.526334209E-03, -1.857446451E-02, -1.93052872, 48.8056493, -20.5219887
183.4125, 104.313347, -7.721678013E-02, -12.9354082, -2.43922956, 14.3374057, 1.728222059E-03, -3.537137702E-03, -1.88481967, -2.26339885, -1.73209052, 18.2124489, 1.524445968E-03, -1.85362404E-02, -1.92286461, 48.6732688, -20.334204
183.9125, 104.458519, -7.752901643E-02, -13.041441, -2.51254943, 14.5033014, 1.737404748E-03, -3.520977105E-03, -1.89865666, -2.25823786, -1.73810127, 18.2503572, 1.52662193E-03, -1.86062938E-02, -1.93491543, 48.9100495, -20.6663747
184.4125, 104.39904, -7.735949465E-02, -12.9588791, -2.48384204, 14.3999222, 1.731970577E-03, -3.555884517E-03, -1.89129696, -2.24848341, -1.73106057, 18.2069042, 1.523521077E-03, -1.859559032E-02, -1.92837561, 48.792841, -20.4973757
184.9125, 104.382835, -7.732022234E-02, -12.9690557, -2.46746264, 14.394483, 1.732195765E-03, -3.541990179E-03, -1.89042117, -2.25791527, -1.73447584, 18.2251035, 1.525223121E-03, -1.857552426E-02, -1.92780419, 48.7508388, -20.4601199
185.4125, 104.373642, -7.730111408E-02, -12.9673868, -2.46136958, 14.3873555, 1.732148643E-03, -3.538507678E-03, -1.88978703, -2.2596029, -1.73527229, 18.2287852, 1.525635438E-03, -1.856768498E-02, -1.92724036, 48.732369, -20.4413189
185.9125, 104.381248, -7.731374429E-02, -12.9712112, -2.46544989, 14.3946213, 1.732797931E-03, -3.54002453E-03, -1.89055946, -2.25814877, -1.73571857, 18.2306626, 1.525778456E-03, -1.857412225E-02, -1.92790659, 48.740243, -20.4579314
186.4125, 104.326553, -7.724880319E-02, -12.9379577, -2.44942274, 14.3489293, 1.730549501E-03, -3.546970401E-03, -1.88698692, -2.25529813, -1.73388802, 18.2162755, 1.524884597E-03, -1.855968357E-02, -1.92464913, 48.6868544, -20.382727
186.9125, 104.436188, -7.740277828E-02, -13.0053001, -2.48739242, 14.4464554, 1.736082873E-03, -3.535400599E-03, -1.89524575, -2.25647134, -1.73835127, 18.2465048, 1.526840805E-03, -1.859926828E-02, -1.9320271, 48.8046828, -20.5583015
187.4125, 104.31678, -7.711883283E-02, -12.908642, -2.42057143, 14.2954882, 1.728248485E-03, -3.543250494E-03, -1.88314507, -2.26051773, -1.73334284, 18.2142938, 1.52512401E-03, -1.853682399E-02, -1.92142473, 48.5894423, -20.2587332
187.9125, 104.411682, -7.727160244E-02, -12.9905473, -2.44538142, 14.3944609, 1.734005941E-03, -3.511599403E-03, -1.89122829, -2.27221799, -1.74069768, 18.2620665, 1.528677973E-03, -1.854420554E-02, -1.92860755, 48.6999607, -20.4175072
188.4125, 104.401993, -7.728359682E-02, -12.9623191, -2.46538391, 14.3861389, 1.733477469E-03, -3.551506684E-03, -1.89096867, -2.25336162, -1.73618307, 18.2311075, 1.526018538E-03, -1.858920394E-02, -1.92826472, 48.712533, -20.4427087
188.9125, 104.385788, -7.727569633E-02, -12.9581155, -2.46248432, 14.3795885, 1.733354231E-03, -3.548188621E-03, -1.89037011, -2.25271948, -1.73642516, 18.2306213, 1.526059733E-03, -1.858333727E-02, -1.92769032, 48.7030063, -20.4322791
189.4125, 104.418259, -7.730967396E-02, -12.9761911, -2.47164711, 14.4048321, 1.734964217E-03, -3.545575944E-03, -1.89259443, -2.25321742, -1.73789808, 18.2401096, 1.526729418E-03, -1.85942325E-02, -1.92969022, 48.7286811, -20.4752275
189.9125, 104.418259, -7.730437071E-02, -12.9737697, -2.47105323, 14.4020319, 1.735051725E-03, -3.547312367E-03, -1.89256053, -2.25220716, -1.73803335, 18.2399417, 1.526758281E-03, -1.859611891E-02, -1.92965198, 48.7234497, -20.4713091
190.4125, 104.332115, -7.716562612E-02, -12.9152195, -2.43824584, 14.3174689, 1.730668432E-03, -3.556583741E-03, -1.88577217, -2.25023299, -1.73469938, 18.2159908, 1.525301193E-03, -1.856531186E-02, -1.92357563, 48.6155253, -20.3187867
190.9125, 104.431183, -7.740125542E-02, -12.9908334, -2.4937488, 14.4386423, 1.737318861E-03, -3.54745342E-03, -1.89588063, -2.24468705, -1.73886539, 18.2412785, 1.526677235E-03, -1.86185507E-02, -1.93232855, 48.7933078, -20.5661057
191.4125, 104.383202, -7.725699902E-02, -12.9384663, -2.46432595, 14.362883, 1.733419949E-03, -3.564346897E-03, -1.8902193, -2.24346894, -1.73564335, 18.2206289, 1.525400271E-03, -1.860132143E-02, -1.92744014, 48.6862593, -20.4215903
191.9125, 104.375496, -7.72358875E-02, -12.9407509, -2.45633557, 14.3577368, 1.733413345E-03, -3.55697001E-03, -1.88963211, -2.24717763, -1.7370836, 18.2281717, 1.526126112E-03, -1.858901894E-02, -1.92695488, 48.6651831, -20.4000088
192.4125, 104.365562, -7.721946288E-02, -12.9327322, -2.45341856, 14.3475673, 1.733009142E-03, -3.560339223E-03, -1.88897658, -2.24570486, -1.73677315, 18.2251727, 1.525948057E-03, -1.858843975E-02, -1.92634655, 48.6510573, -20.3830641
192.9125, 104.424171, -7.728068413E-02, -12.964611, -2.47007072, 14.3925395, 1.735624048E-03, -3.5552146E-03, -1.89284677, -2.24677149, -1.73908204, 18.2409043, 1.527003444E-03, -1.860757985E-02, -1.92984842, 48.6984816, -20.4581521
193.4125, 104.313347, -7.711109889E-02, -12.8910941, -2.42956156, 14.2870059, 1.730045934E-03, -3.567137908E-03, -1.88431871, -2.24404463, -1.73477335, 18.2100671, 1.525090967E-03, -1.856921989E-02, -1.9221981, 48.566598, -20.26882
193.9125, 104.458504, -7.742365745E-02, -12.9974651, -2.50301444, 14.4533111, 1.739101232E-03, -3.550995735E-03, -1.89816713, -2.23896227, -1.74078299, 18.2480768, 1.527246938E-03, -1.863935027E-02, -1.93426073, 48.803814, -20.5989222
194.4125, 104.399025, -7.725450037E-02, -12.9152668, -2.47445517, 14.3504218, 1.733526581E-03, -3.585734837E-03, -1.89082074, -2.22928958, -1.7337428, 18.2047245, 1.524124219E-03, -1.862849053E-02, -1.92773361, 48.6870899, -20.4282442
194.9125, 104.380455, -7.719984272E-02, -12.9292744, -2.45125512, 14.3423978, 1.733534392E-03, -3.563718243E-03, -1.88945908, -2.24300105, -1.738244, 18.2295787, 1.526416978E-03, -1.859688171E-02, -1.9267755, 48.631465, -20.371351
195.4125, 104.373634, -7.719682285E-02, -12.9245149, -2.45243637, 14.3389771, 1.733446479E-03, -3.56853861E-03, -1.88934551, -2.24051812, -1.73793066, 18.226741, 1.526195415E-03, -1.860059038E-02, -1.92662784, 48.627512, -20.3689563
195.9125, 104.326553, -7.715019432E-02, -12.8976563, -2.44108398, 14.3035238, 1.73159182E-03, -3.574961571E-03, -1.88657858, -2.23727969, -1.73641588, 18.2144604, 1.525386196E-03, -1.859059799E-02, -1.9240817, 48.5878969, -20.3117005
196.4125, 104.326553, -7.714526335E-02, -12.8960647, -2.44092208, 14.3018656, 1.731562562E-03, -3.5762187E-03, -1.8865769, -2.23644827, -1.73653672, 18.214471, 1.525402022E-03, -1.859183311E-02, -1.92406387, 48.5828591, -20.307744
196.9125, 104.436188, -7.729952602E-02, -12.9636309, -2.47896615, 14.3996736, 1.736973363E-03, -3.564674533E-03, -1.89483463, -2.23768741, -1.74098852, 18.2447188, 1.527334514E-03, -1.863185124E-02, -1.93144117, 48.7011943, -20.4813302
197.4125, 104.31678, -7.701589192E-02, -12.8672734, -2.41225533, 14.249114, 1.729011611E-03, -3.572325248E-03, -1.8827462, -2.24180491, -1.73598366, 18.2125893, 1.525596635E-03, -1.856919184E-02, -1.92085103, 48.4863954, -20.180617
197.9125, 104.42012, -7.72239263E-02, -12.9260705, -2.47050563, 14.3567965, 1.734672906E-03, -3.587371173E-03, -1.89261112, -2.23088859, -1.73760547, 18.2243103, 1.525819141E-03, -1.864160016E-02, -1.92951626, 48.6477576, -20.4112593
198.4125, 104.39682, -7.717075499E-02, -12.9221493, -2.45172429, 14.3360994, 1.7338226E-03, -3.572676301E-03, -1.89009687, -2.23736873, -1.73952898, 18.2330449, 1.526771369E-03, -1.861221229E-02, -1.92730235, 48.6011009, -20.3493404
198.9125, 104.372116, -7.715702126E-02, -12.9103322, -2.44929727, 14.3228025, 1.733172413E-03, -3.578153084E-03, -1.88908697, -2.23441482, -1.73879181, 18.2265559, 1.526310865E-03, -1.861059702E-02, -1.92632119, 48.5881319, -20.3316384
199.4125, 104.409943, -7.720303934E-02, -12.9319275, -2.46167381, 14.3542599, 1.734971175E-03, -3.575311118E-03, -1.89182284, -2.2344021, -1.74037771, 18.2368214, 1.526981295E-03, -1.862495686E-02, -1.9287732, 48.6230655, -20.3854266
199.70625, 104.409943, -7.720008609E-02, -12.9306487, -2.46138765, 14.3528118, 1.734957474E-03, -3.576454235E-03, -1.89180391, -2.2338464, -1.7404496, 18.2367347, 1.526985977E-03, -1.862614871E-02, -1.92875147, 48.6202598, -20.3822656
200, 104.409943, -7.719717798E-02, -12.9294361, -2.46112899, 14.351444, 1.734949721E-03, -3.577252922E-03, -1.89179502, -2.23329769, -1.74053189, 18.2367065, 1.526994879E-03, -1.862708318E-02, -1.92873987, 48.6174069, -20.3793053
200.1, 90.9095993, -6.611533092E-02, -5.99098229, 0.539262352, 6.30044995, 1.279876946E-03, -4.607782725E-03, -1.13164223, -1.51630301, -1.29626636, 14.7971961, 1.29550376E-03, -1.512603263E-02, -1.2320285, 39.3117576, -6.14626206
200.2, 90.9095993, -6.61145215E-02, -6.00224684, 0.53289092, 6.30810301, 1.278362611E-03, -4.606762063E-03, -1.131962, -1.51856274, -1.29594581, 14.7984093, 1.295261532E-03, -1.51241212E-02, -1.23203439, 39.3098583, -6.15158526
200.35, 90.9095993, -6.611337829E-02, -6.01899627, 0.523429391, 6.31957675, 1.276110213E-03, -4.606073791E-03, -1.13243906, -1.52192411, -1.2954771, 14.8002586, 1.294903446E-03, -1.512216874E-02, -1.23204608, 39.3070011, -6.15949869
200.575, 90.9095993, -6.611161683E-02, -6.04379053, 0.50945683, 6.33676628, 1.272774139E-03, -4.603858057E-03, -1.13314182, -1.52691847, -1.29478538, 14.8030174, 1.29437256E-03, -1.511813992E-02, -1.23206319, 39.3027168, -6.17120451
200.9125, 90.9095993, -6.610910362E-02, -6.0802328, 0.488980766, 6.36246375, 1.267863229E-03, -4.601801464E-03, -1.13417266, -1.53428168, -1.29378125, 14.8071363, 1.293591137E-03, -1.511336711E-02, -1.23209214, 39.2962718, -6.18839632
201.4125, 77.4487991, -5.975174954E-02, 2.646967536E-04, 2.61730214, 6.64352562, 9.934571739E-04, -5.22930124E-03, -0.518591064, -0.617853058, -0.892182816, 11.59737, 1.069488787E-03, -1.195248816E-02, -0.649391899, 33.1261587, 4.17897971
201.9125, 77.4487991, -5.974681416E-02, -9.827915025E-02, 2.57108935, 6.53075274, 9.829534667E-04, -5.359035334E-03, -0.521151372, -0.640338559, -0.891092112, 11.6113964, 1.06739549E-03, -1.18049632E-02, -0.649652679, 33.1152449, 4.12653106
202.4125, 54.5693359, -5.275936197E-02, 9.69372058, 5.94757462, 17.5061742, 9.175225852E-04, -5.920639448E-03, 0.367879109, 1.01228723, -0.371331105, 7.49854624, 7.841997228E-04, -7.341528204E-03, 0.195164692, 23.6497746, 20.2636767
202.9125, 54.5693359, -5.275241016E-02, 9.52139052, 5.87555178, 17.2710512, 9.240030534E-04, -6.193702093E-03, 0.36389687, 0.970424441, -0.369657442, 7.51028583, 7.800150035E-04, -6.982914964E-03, 0.194698851, 23.643445, 20.1243452
203.4125, 54.5693359, -5.274628925E-02, 9.35700305, 5.80682852, 17.0471167, 9.31130478E-04, -5.883272682E-03, 0.360286539, 0.928955526, -0.367891587, 7.52106883, 7.759353786E-04, -7.31774345E-03, 0.194272398, 23.6360684, 20.0205376
203.9125, 54.5693359, -5.274016444E-02, 9.19735612, 5.74055842, 16.8303085, 9.38730913E-04, -5.905909895E-03, 0.356701057, 0.889305262, -0.366340254, 7.53294032, 7.720739972E-04, -7.25716287E-03, 0.193821247, 23.6288538, 19.9026239
204.4125, 54.5693359, -5.273435994E-02, 9.04344895, 5.67692287, 16.6217893, 9.467386916E-04, -5.891909252E-03, 0.353271113, 0.850845673, -0.364876335, 7.54503031, 7.683751135E-04, -7.241402024E-03, 0.19337052, 23.6213246, 19.7903841
204.9125, 54.5693359, -5.272883054E-02, 8.89494133, 5.61578262, 16.4210769, 9.550713788E-04, -5.882451923E-03, 0.349975335, 0.81360463, -0.363508104, 7.55738909, 7.64836525E-04, -7.221609841E-03, 0.192918003, 23.6135521, 19.6814409
205.4125, 33.115757, -4.985099019E-02, 17.4674563, 8.64457498, 27.3947791, 1.372353379E-03, -6.361510281E-03, 1.0125546, 2.43013413, -0.101505342, 5.95831945, 6.929528025E-04, -4.040123964E-03, 0.82085591, 14.8835123, 34.00463
205.9125, 33.115757, -4.98460146E-02, 17.2515496, 8.55799639, 27.1015854, 1.395986114E-03, -6.567496932E-03, 1.00815377, 2.37640858, -9.787840739E-02, 5.95568923, 6.873641415E-04, -3.738575735E-03, 0.820375292, 14.8846281, 33.7046521
206.4125, 33.115757, -4.984287315E-02, 17.0458759, 8.47521397, 26.8222087, 1.419575467E-03, -6.304446879E-03, 1.00399841, 2.32404883, -9.471603567E-02, 5.95366303, 6.821943269E-04, -4.003273833E-03, 0.819750162, 14.883878, 33.4467475
206.9125, 33.115757, -4.983893969E-02, 16.8459978, 8.39544258, 26.5514622, 1.443075736E-03, -6.317180986E-03, 0.999963203, 2.27354525, -9.15576505E-02, 5.95242671, 6.77373649E-04, -3.939108235E-03, 0.819203387, 14.8834975, 33.1873716
207.4125, 33.115757, -4.98353111E-02, 16.6533538, 8.31881789, 26.2908791, 1.466448432E-03, -6.299987579E-03, 0.996090893, 2.22461739, -8.858029974E-02, 5.95183273, 6.729199918E-04, -3.912979217E-03, 0.818645152, 14.8825994, 32.9421038
207.9125, 33.115757, -4.983185708E-02, 16.4674946, 8.2451832, 26.0398649, 1.489651279E-03, -6.286677498E-03, 0.992369596, 2.17724048, -8.575521017E-02, 5.95184496, 6.688228634E-04, -3.883961088E-03, 0.818086581, 14.8813083, 32.7081567
208.4125, 33.115757, -4.982859606E-02, 16.2881905, 8.17441888, 25.7980743, 1.512644692E-03, -6.273574252E-03, 0.988793576, 2.13136383, -8.307745301E-02, 5.95241995, 6.650742128E-04, -3.856632518E-03, 0.817527289, 14.8796303, 32.4848602
208.9125, 33.115757, -4.982551571E-02, 16.1151977, 8.10640809, 25.5651515, 1.535391963E-03, -6.260952675E-03, 0.985356928, 2.08694026, -8.053928918E-02, 5.95351553, 6.616644667E-04, -3.830318932E-03, 0.816968252, 14.877589, 32.2714101
209.4125, 33.115757, -4.982261832E-02, 15.9482854, 8.04103876, 25.3407584, 1.557859999E-03, -6.248860568E-03, 0.982053814, 2.04392463, -7.813415272E-02, 5.95509375, 6.585827656E-04, -3.805142921E-03, 0.816410034, 14.8751993, 32.0670978
209.9125, 33.115757, -4.981989233E-02, 15.7872315, 7.97820379, 25.1245699, 1.580019816E-03, -6.237154282E-03, 0.978878839, 2.00227207, -7.585532378E-02, 5.95711758, 6.558168309E-04, -3.780949691E-03, 0.815853357, 14.8724821, 31.8712827
210.4125, 33.115757, -4.981733796E-02, 15.6318207, 7.91779984, 24.9162731, 1.601846549E-03, -6.225922483E-03, 0.975826627, 1.96194036, -7.369663697E-02, 5.95955251, 6.533529416E-04, -3.757772824E-03, 0.815298692, 14.8694522, 31.6833918
210.9125, 33.115757, -4.981494404E-02, 15.4818471, 7.85972911, 24.715567, 1.623319291E-03, -6.215051019E-03, 0.972892226, 1.92288735, -7.165205872E-02, 5.96236603, 6.511759436E-04, -3.735500339E-03, 0.814746641, 14.8661254, 31.5029008
211.4125, 33.115757, -4.981270938E-02, 15.3371116, 7.80389694, 24.5221629, 1.644421093E-03, -6.204617822E-03, 0.970070683, 1.88507326, -6.971606245E-02, 5.96552691, 6.492695555E-04, -3.71415938E-03, 0.81419758, 14.8625169, 31.3293366
211.9125, 33.115757, -4.981062366E-02, 15.197426, 7.75021334, 24.3357859, 1.665138232E-03, -6.194506652E-03, 0.967357464, 1.84845866, -6.788315209E-02, 5.96900617, 6.476166005E-04, -3.693646824E-03, 0.813651998, 14.8586421, 31.1622673
212.4125, 33.115757, -4.980868464E-02, 15.0626041, 7.69859129, 24.1561669, 1.68546036E-03, -6.184782284E-03, 0.964748053, 1.81300598, -6.614825152E-02, 5.9727766, 6.461993388E-04, -3.673992627E-03, 0.813110243, 14.8545141, 31.0013042
212.9125, 33.115757, -4.980688302E-02, 14.932471, 7.64894799, 23.9830521, 1.705379817E-03, -6.1753736E-03, 0.962238244, 1.77867831, -6.450638728E-02, 5.97681189, 6.44999928E-04, -3.65509091E-03, 0.812572699, 14.8501456, 30.8460853
213.4125, 33.115757, -4.980521588E-02, 14.8068559, 7.60120364, 23.8161946, 1.724891596E-03, -6.166301554E-03, 0.959823927, 1.74544047, -6.295298431E-02, 5.98108795, 6.440006587E-04, -3.636974203E-03, 0.812039654, 14.8455491, 30.6962849
213.9125, 33.115757, -4.980367489E-02, 14.6855954, 7.55528311, 23.6553596, 1.743992488E-03, -6.157515265E-03, 0.957501241, 1.71325769, -6.148360779E-02, 5.98558107, 6.431842912E-04, -3.619561311E-03, 0.811511437, 14.8407376, 30.5516
214.4125, 25.6785507, -4.979607736E-02, 17.42951, 8.54642274, 27.253169, 1.967807156E-03, -6.094408457E-03, 1.13983912, 2.27627638, -3.424952012E-02, 5.90992832, 6.771541603E-04, -3.173648972E-03, 0.983735322, 11.8343054, 35.2774706
214.9125, 25.6785507, -4.97913101E-02, 17.2863592, 8.49216029, 27.0618643, 1.989749732E-03, -6.335770851E-03, 1.13740371, 2.24018181, -3.119692495E-02, 5.91123437, 6.765511712E-04, -2.814613008E-03, 0.983617364, 11.8343247, 35.0785009
215.4125, 25.6785507, -4.979154701E-02, 17.1521006, 8.44079898, 26.8825791, 2.011099084E-03, -6.297234742E-03, 1.13492602, 2.20483194, -2.879077707E-02, 5.91279799, 6.761402726E-04, -2.829670304E-03, 0.983067106, 11.8317819, 34.8991588
215.9125, 25.6785507, -4.979128086E-02, 17.0220826, 8.39131653, 26.7092093, 2.031939813E-03, -6.290221033E-03, 1.132557, 2.17063975, -2.644401638E-02, 5.91464681, 6.75851535E-04, -2.804179735E-03, 0.982567906, 11.8292419, 34.7239961
216.4125, 25.6785507, -4.979113412E-02, 16.8966344, 8.34373715, 26.5421598, 2.05227094E-03, -6.280130427E-03, 1.13027581, 2.13752146, -2.421618414E-02, 5.91675264, 6.756781251E-04, -2.784179017E-03, 0.982066634, 11.8264333, 34.5547035
216.9125, 25.6785507, -4.9791038E-02, 16.7755361, 8.29797386, 26.381123, 2.072101937E-03, -6.270764659E-03, 1.12808082, 2.10544907, -2.209489972E-02, 5.91909296, 6.756077799E-04, -2.764489375E-03, 0.981569713, 11.8234001, 34.3908981
217.4125, 25.6785507, -4.979100228E-02, 16.6586372, 8.25395504, 26.2258803, 2.091441512E-03, -6.261689365E-03, 1.12596839, 2.07438967, -2.007609137E-02, 5.92164769, 6.756300218E-04, -2.745650509E-03, 0.981076831, 11.82015, 34.2324132
217.9125, 25.6785507, -4.979102497E-02, 16.5457843, 8.21161079, 26.0762136, 2.110299003E-03, -6.252943559E-03, 1.12393527, 2.04431148, -1.815488135E-02, 5.92439655, 6.757353037E-04, -2.727554672E-03, 0.980588427, 11.8166943, 34.0790398
218.4125, 25.6785507, -4.979110661E-02, 16.4368326, 8.17087427, 25.9319133, 2.128683714E-03, -6.244483465E-03, 1.1219783, 2.01518376, -1.632680006E-02, 5.92732149, 6.759150854E-04, -2.710194331E-03, 0.980104747, 11.8130426, 33.930567
218.9125, 25.6785507, -4.979124533E-02, 16.3316389, 8.13168082, 25.792777, 2.146605259E-03, -6.236323774E-03, 1.12009444, 1.98697658, -1.458748479E-02, 5.93040482, 6.761615496E-04, -2.693507525E-03, 0.97962609, 11.8092059, 33.7867865
219.4125, 25.6785507, -4.979144059E-02, 16.2300704, 8.09396963, 25.6586125, 2.164073536E-03, -6.228411786E-03, 1.11828076, 1.95966102, -1.293283122E-02, 5.93363043, 6.764676917E-04, -2.677491783E-03, 0.979152641, 11.8051913, 33.647498
219.9125, 25.6785507, -4.979169018E-02, 16.1319939, 8.05768124, 25.5292325, 2.18109799E-03, -6.220782558E-03, 1.11653447, 1.93320888, -1.135878871E-02, 5.93698335, 6.768270738E-04, -2.662101375E-03, 0.978684624, 11.8010095, 33.5125013
220.4125, 25.6785507, -4.979199296E-02, 16.037284, 8.0227599, 25.4044582, 2.197688696E-03, -6.213397081E-03, 1.11485293, 1.9075928, -9.861729018E-03, 5.940449, 6.772339307E-04, -2.647313017E-03, 0.978222216, 11.7966691, 33.381609
220.9125, 25.6785507, -4.979234658E-02, 15.9458212, 7.98915058, 25.2841188, 2.213855161E-03, -6.206244596E-03, 1.11323352, 1.88278628, -8.437964693E-03, 5.94401392, 6.776829393E-04, -2.633103052E-03, 0.977765563, 11.7921773, 33.2546405
221.4125, 25.6785507, -4.979274956E-02, 15.8574878, 7.95680176, 25.1680473, 2.229607413E-03, -6.199321997E-03, 1.11167379, 1.85876379, -7.084050629E-03, 5.94766591, 6.781693451E-04, -2.619453234E-03, 0.977314792, 11.7875425, 33.1314211
221.9125, 25.6785507, -4.979319954E-02, 15.7721708, 7.92566337, 25.0560851, 2.244954886E-03, -6.192618453E-03, 1.11017139, 1.83550029, -5.796730764E-03, 5.95139324, 6.786887423E-04, -2.606330782E-03, 0.976870038, 11.7827712, 33.0117909
222.4125, 25.6785507, -4.979369484E-02, 15.6897637, 7.89568793, 24.9480805, 2.25990696E-03, -6.186126198E-03, 1.10872404, 1.81297182, -4.57287084E-03, 5.95518491, 6.792371541E-04, -2.593706349E-03, 0.976431378, 11.7778714, 32.8955926
222.9125, 25.6785507, -4.979423319E-02, 15.6101617, 7.86682988, 24.843886, 2.274473396E-03, -6.179832602E-03, 1.10732958, 1.79115491, -3.409452194E-03, 5.95903083, 6.798109473E-04, -2.581578446E-03, 0.975998911, 11.772849, 32.7826778
223.4125, 25.6785507, -4.979481281E-02, 15.5332643, 7.83904457, 24.7433593, 2.288663249E-03, -6.17372987E-03, 1.10598592, 1.77002706, -2.303667664E-03, 5.96292135, 6.804068482E-04, -2.56991202E-03, 0.975572705, 11.7677113, 32.6729064
223.9125, 25.6785507, -4.979543152E-02, 15.458975, 7.81229056, 24.6463655, 2.302485687E-03, -6.167827323E-03, 1.10469105, 1.74956626, -1.252757525E-03, 5.9668476, 6.810217484E-04, -2.558690682E-03, 0.975152802, 11.7624636, 32.5661508
224.4125, 23.2468052, -5.000076852E-02, 16.2901893, 8.11807279, 25.7474998, 2.384131637E-03, -6.2249711E-03, 1.15420052, 1.9277155, -4.433719665E-03, 6.01579186, 6.987533676E-04, -2.450005987E-03, 1.02185143, 10.7814558, 34.0206418
224.9125, 23.2468052, -4.999965362E-02, 16.2114098, 8.08934576, 25.6437187, 2.398288999E-03, -6.244357279E-03, 1.15294666, 1.90665066, -2.787562557E-03, 6.01890513, 6.993514711E-04, -2.395556427E-03, 1.02160312, 10.7775977, 33.9046567
225.4125, 23.2468052, -5.000089788E-02, 16.1362219, 8.06190719, 25.544949, 2.412036014E-03, -6.235309408E-03, 1.15165708, 1.88615421, -1.419308615E-03, 6.02226257, 6.999852709E-04, -2.387805543E-03, 1.02119315, 10.7729166, 33.7941603
225.9125, 23.2468052, -5.000190583E-02, 16.0634886, 8.03546621, 25.4495084, 2.42542763E-03, -6.229631938E-03, 1.1504236, 1.86631099, -9.267929242E-05, 6.02563533, 7.006297428E-04, -2.375389734E-03, 1.02080733, 10.7682021, 33.6862862
226.4125, 23.2468052, -5.000296558E-02, 15.9932345, 8.01001013, 25.357439, 2.438468056E-03, -6.223792185E-03, 1.14923396, 1.84708886, 1.169315174E-03, 6.02904077, 7.012851697E-04, -2.364000396E-03, 1.02042507, 10.7633739, 33.5812411
226.9125, 23.2468052, -5.000404395E-02, 15.9253579, 7.98549798, 25.2685984, 2.45116667E-03, -6.218151087E-03, 1.14808758, 1.82846949, 2.372385942E-03, 6.03246879, 7.01949254E-04, -2.352973834E-03, 1.02004872, 10.7584474, 33.4788915
227.4125, 23.2468052, -5.000514359E-02, 15.8597762, 7.96189336, 25.1828696, 2.463532259E-03, -6.212670316E-03, 1.14698268, 1.8104337, 3.518962143E-03, 6.03591338, 7.026202445E-04, -2.342372542E-03, 1.0196781, 10.7534268, 33.3791485
227.9125, 23.2468052, -5.000626299E-02, 15.7964062, 7.93915942, 25.1001362, 2.475572996E-03, -6.207367404E-03, 1.14591761, 1.79296313, 4.611638287E-03, 6.03936848, 7.032964068E-04, -2.33217439E-03, 1.01931326, 10.7483153, 33.2819175
228.4125, 23.2468052, -5.000740123E-02, 15.7351717, 7.91726323, 25.020289, 2.48729781E-03, -6.202217793E-03, 1.14489085, 1.7760397, 5.6528333E-03, 6.04282861, 7.039762684E-04, -2.32235279E-03, 1.01895422, 10.7431207, 33.1871069
228.9125, 23.2468052, -5.000855718E-02, 15.6759946, 7.89617168, 24.9432212, 2.49871426E-03, -6.197218569E-03, 1.1439009, 1.75964622, 6.644942809E-03, 6.04628833, 7.046583577E-04, -2.312900736E-03, 1.018601, 10.7378454, 33.0946329
229.4125, 23.2468052, -5.000972985E-02, 15.6188032, 7.87585366, 24.8688311, 2.509830718E-03, -6.192352655E-03, 1.14294637, 1.74376579, 7.590183287E-03, 6.04974314, 7.053414238E-04, -2.303793939E-03, 1.0182536, 10.7324941, 33.0044107
229.9125, 23.2468052, -5.001091816E-02, 15.5635264, 7.85627887, 24.7970195, 2.520654593E-03, -6.187636294E-03, 1.14202588, 1.72838218, 8.490740411E-03, 6.05318836, 7.060243107E-04, -2.29501196E-03, 1.01791204, 10.7270711, 32.9163594
230.4125, 23.2468052, -5.001212111E-02, 15.5100974, 7.83741854, 24.7276927, 2.531193965E-03, -6.183040887E-03, 1.14113814, 1.71347961, 9.348630803E-03, 6.05662027, 7.067059386E-04, -2.286565005E-03, 1.01757631, 10.721581, 32.8304058
230.9125, 23.2468052, -5.001333768E-02, 15.4584511, 7.81924537, 24.660761, 2.541455649E-03, -6.178582451E-03, 1.14028187, 1.6990427, 1.016580991E-02, 6.06003477, 7.073853194E-04, -2.278421674E-03, 1.01724637, 10.7160261, 32.7464702
231.4125, 23.2468052, -5.00145669E-02, 15.4085238, 7.80173218, 24.5961346, 2.551447183E-03, -6.174247078E-03, 1.13945587, 1.68505675, 1.094418712E-02, 6.06342879, 7.080616216E-04, -2.270573972E-03, 1.01692225, 10.7104116, 32.6644869
231.9125, 23.2468052, -5.001580781E-02, 15.3602551, 7.78485391, 24.5337309, 2.561175627E-03, -6.170029044E-03, 1.13865901, 1.67150741, 1.168552242E-02, 6.06679924, 7.087340136E-04, -2.263014498E-03, 1.0166039, 10.7047405, 32.5843838
232.4125, 23.2468052, -5.001705948E-02, 15.3135873, 7.76858629, 24.4734684, 2.570647804E-03, -6.165924999E-03, 1.13789019, 1.65838071, 1.239149736E-02, 6.07014285, 7.09401819E-04, -2.255726391E-03, 1.01629129, 10.6990151, 32.5060995
232.9125, 23.2468052, -5.001832101E-02, 15.2684643, 7.7529051, 24.4152695, 2.579870366E-03, -6.161932103E-03, 1.13714832, 1.64566324, 1.306382466E-02, 6.07345754, 7.100643024E-04, -2.248703404E-03, 1.01598439, 10.6932397, 32.4295684
233.4125, 23.2468052, -5.001959155E-02, 15.2248301, 7.73778884, 24.359059, 2.588849723E-03, -6.158053563E-03, 1.1364324, 1.63334195, 1.370395308E-02, 6.07674037, 7.107209851E-04, -2.241925174E-03, 1.01568317, 10.6874173, 32.3547349
233.9125, 23.2468052, -5.002087025E-02, 15.1826356, 7.72321502, 24.3047661, 2.597592551E-03, -6.154269553E-03, 1.13574144, 1.6214042, 1.431341108E-02, 6.07998986, 7.113712688E-04, -2.235385011E-03, 1.01538758, 10.68155, 32.2815354
234.4125, 22.4285755, -5.013339023E-02, 15.4393112, 7.81932787, 24.6475369, 2.628915846E-03, -6.18369772E-03, 1.15019779, 1.67729145, 1.090090978E-02, 6.11167821, 7.185268806E-04, -2.211277414E-03, 1.02903188, 10.3485966, 32.7276045
234.9125, 22.4285755, -5.013392118E-02, 15.396765, 7.80445225, 24.5924028, 2.637541963E-03, -6.182878299E-03, 1.14954374, 1.6654669, 1.171845248E-02, 6.11461073, 7.191571498E-04, -2.19784187E-03, 1.02880598, 10.3431568, 32.65365
235.4125, 22.4285755, -5.013538624E-02, 15.3558563, 7.79017234, 24.5395357, 2.645923003E-03, -6.178815851E-03, 1.148879, 1.65398783, 1.241847923E-02, 6.11764045, 7.19789405E-04, -2.191875828E-03, 1.02852421, 10.3374407, 32.5817245
235.9125, 22.4285755, -5.013675297E-02, 15.3162696, 7.77639935, 24.4884302, 2.654084136E-03, -6.175211826E-03, 1.14824131, 1.6428661, 1.309497737E-02, 6.12062315, 7.204132499E-04, -2.185349712E-03, 1.02825442, 10.3317082, 32.5112716
236.4125, 22.4285755, -5.013813549E-02, 15.2779868, 7.76312175, 24.4390682, 2.662029428E-03, -6.171678479E-03, 1.14762548, 1.63208771, 1.373920025E-02, 6.12357223, 7.210294905E-04, -2.179127152E-03, 1.02798902, 10.3259344, 32.4422982
236.9125, 22.4285755, -5.013952042E-02, 15.2409586, 7.75031899, 24.3913817, 2.66976455E-03, -6.168233918E-03, 1.14703118, 1.62164201, 1.435360823E-02, 6.12648555, 7.216376543E-04, -2.173120586E-03, 1.02772877, 10.3201244, 32.3747505
237.4125, 22.4285755, -5.014090853E-02, 15.2051432, 7.73797354, 24.3453121, 2.677294998E-03, -6.164873488E-03, 1.14645754, 1.61151858, 1.493955815E-02, 6.12936183, 7.222375091E-04, -2.167326037E-03, 1.02747359, 10.3142805, 32.3085863
237.9125, 22.4285755, -5.014229912E-02, 15.1704971, 7.7260674, 24.3007996, 2.684626152E-03, -6.16159935E-03, 1.14590382, 1.60170704, 1.549825465E-02, 6.13219959, 7.228288221E-04, -2.161711485E-03, 1.02722343, 10.3084052, 32.2437604
238.4125, 22.4285755, -5.014369162E-02, 15.1369796, 7.71458496, 24.257789, 2.691763478E-03, -6.15841066E-03, 1.14536925, 1.59219756, 1.603096447E-02, 6.13499817, 7.23411464E-04, -2.156307209E-03, 1.0269782, 10.3024995, 32.1802315
238.9125, 22.4285755, -5.014508552E-02, 15.1045523, 7.70350864, 24.2162257, 2.698711863E-03, -6.15529409E-03, 1.14485316, 1.58298049, 1.653892808E-02, 6.13775687, 7.23985164E-04, -2.151070714E-03, 1.02673789, 10.296567, 32.1179615
239.4125, 22.4285755, -5.014648028E-02, 15.0731758, 7.69282421, 24.1760571, 2.705476595E-03, -6.152261396E-03, 1.14435484, 1.57404662, 1.702319928E-02, 6.14047472, 7.245498912E-04, -2.146018757E-03, 1.02650245, 10.2906072, 32.0569093
239.9125, 22.4285755, -5.014787545E-02, 15.0428153, 7.68251664, 24.1372352, 2.712062191E-03, -6.149314261E-03, 1.14387365, 1.56538686, 1.748489698E-02, 6.14315131, 7.25105476E-04, -2.141132758E-03, 1.02627178, 10.2846246, 31.9970387
240.4125, 22.4285755, -5.014927053E-02, 15.0134346, 7.67257097, 24.0997094, 2.718473523E-03, -6.146419376E-03, 1.14340897, 1.55699249, 1.792499611E-02, 6.14578608, 7.256518354E-04, -2.136399622E-03, 1.0260459, 10.2786198, 31.9383147
240.9125, 22.4285755, -5.015066512E-02, 14.9850006, 7.66297456, 24.0634355, 2.724715245E-03, -6.143601972E-03, 1.1429602, 1.54885512, 1.834455818E-02, 6.14837862, 7.26188918E-04, -2.131834897E-03, 1.02582467, 10.2725947, 31.8807003
241.4125, 22.4285755, -5.015205877E-02, 14.9574806, 7.65371334, 24.0283676, 2.73079171E-03, -6.140848579E-03, 1.14252674, 1.54096654, 1.874449801E-02, 6.15092865, 7.267166895E-04, -2.127411105E-03, 1.02560808, 10.266551, 31.8241662
241.9125, 22.4285755, -5.015345111E-02, 14.9308426, 7.64477582, 23.9944638, 2.736707481E-03, -6.138162571E-03, 1.14210807, 1.53331877, 1.912569804E-02, 6.15343612, 7.272350743E-04, -2.123134363E-03, 1.02539607, 10.2604897, 31.7686787
242.4125, 22.4285755, -5.015484174E-02, 14.9050565, 7.63614884, 23.9616817, 2.742466658E-03, -6.135534398E-03, 1.14170365, 1.52590426, 1.948902949E-02, 6.15590082, 7.277441023E-04, -2.118990274E-03, 1.02518858, 10.2544122, 31.7142062
242.9125, 22.4285755, -5.015623033E-02, 14.8800927, 7.62782126, 23.9299809, 2.748073649E-03, -6.132975354E-03, 1.14131295, 1.51871558, 1.983531071E-02, 6.15832237, 7.282437779E-04, -2.1149859E-03, 1.02498552, 10.2483211, 31.6607214
243.4125, 22.4285755, -5.015761654E-02, 14.8559242, 7.61978174, 23.899326, 2.753531873E-03, -6.130469589E-03, 1.14093548, 1.51174536, 2.016534068E-02, 6.1607012, 7.28734089E-04, -2.111102039E-03, 1.02478685, 10.2422168, 31.6081939
243.9125, 22.4285755, -5.015900004E-02, 14.8325221, 7.61201971, 23.8696768, 2.758845797E-03, -6.128033349E-03, 1.1405708, 1.50498684, 2.047984521E-02, 6.16303731, 7.292150911E-04, -2.107346917E-03, 1.02459252, 10.2361009, 31.5565954
244.4125, 22.1485176, -5.020755664E-02, 14.9101746, 7.64188788, 23.9746127, 2.771769255E-03, -6.138529636E-03, 1.14497224, 1.52171725, 1.882030873E-02, 6.1780447, 7.320600019E-04, -2.1010764E-03, 1.02875655, 10.1182885, 31.6816138
244.9125, 22.1485176, -5.02086423E-02, 14.8871976, 7.63419459, 23.9453581, 2.776918946E-03, -6.136546189E-03, 1.14462944, 1.51515455, 1.920331147E-02, 6.18022094, 7.325227691E-04, -2.095894048E-03, 1.02859172, 10.1123204, 31.6307102
245.4125, 22.1485176, -5.021006828E-02, 14.8650156, 7.62678506, 23.9171822, 2.781925771E-03, -6.134139834E-03, 1.14428567, 1.50878475, 1.953909448E-02, 6.18241291, 7.329799673E-04, -2.092339054E-03, 1.02840904, 10.1062617, 31.5807676
245.9125, 22.1485176, -5.021145274E-02, 14.8435292, 7.61962945, 23.8899184, 2.786800309E-03, -6.131840792E-03, 1.14395502, 1.50260732, 1.986277871E-02, 6.18455838, 7.334277168E-04, -2.088737106E-03, 1.02823277, 10.100204, 31.5316707
246.4125, 22.1485176, -5.021283783E-02, 14.8227201, 7.61271977, 23.8635458, 2.791545763E-03, -6.129586866E-03, 1.14363544, 1.49661549, 2.017124551E-02, 6.18666439, 7.33866543E-04, -2.08525359E-03, 1.02806019, 10.0941362, 31.4834083
246.9125, 22.1485176, -5.021421861E-02, 14.8025657, 7.60604731, 23.8380337, 2.796165284E-03, -6.127375227E-03, 1.14332673, 1.49080353, 2.046557868E-02, 6.18873032, 7.342964277E-04, -2.081889424E-03, 1.0278915, 10.0880609, 31.4359553
247.4125, 22.1485176, -5.021559536E-02, 14.7830441, 7.59960286, 23.8133508, 2.800662302E-03, -6.12522927E-03, 1.14302846, 1.48516561, 2.074647308E-02, 6.19075666, 7.347175171E-04, -2.078610133E-03, 1.02772664, 10.0819798, 31.3892884
247.9125, 22.1485176, -5.021696782E-02, 14.7641329, 7.59337798, 23.7894685, 2.805039881E-03, -6.123107461E-03, 1.14274032, 1.47969628, 2.101442535E-02, 6.19274369, 7.351298585E-04, -2.075428514E-03, 1.02756553, 10.0758929, 31.3433874
248.4125, 22.1485176, -5.021833579E-02, 14.7458123, 7.58736464, 23.766359, 2.809301374E-03, -6.121043809E-03, 1.14246189, 1.47439014, 2.127006662E-02, 6.19469187, 7.355335882E-04, -2.072347091E-03, 1.02740811, 10.0698021, 31.298232
248.9125, 22.1485176, -5.021969907E-02, 14.7280619, 7.58155519, 23.7439947, 2.813449905E-03, -6.119020431E-03, 1.14219288, 1.46924206, 2.151400053E-02, 6.19660115, 7.359287461E-04, -2.06934361E-03, 1.02725434, 10.0637083, 31.2538013
249.4125, 22.1485176, -5.022105751E-02, 14.7108617, 7.57594217, 23.7223492, 2.817488224E-03, -6.117039101E-03, 1.14193294, 1.46424694, 2.174674274E-02, 6.19847244, 7.363154668E-04, -2.066432006E-03, 1.02710415, 10.0576115, 31.2100768
249.9125, 22.1485176, -5.022241093E-02, 14.6941938, 7.57051823, 23.701399, 2.821419286E-03, -6.115107749E-03, 1.14168177, 1.45939995, 2.196874709E-02, 6.20030593, 7.366938692E-04, -2.063609831E-03, 1.02695748, 10.051513, 31.1670415
250.4125, 22.1485176, -5.022375919E-02, 14.6780402, 7.56527647, 23.6811178, 2.825246296E-03, -6.113206759E-03, 1.14143906, 1.45469637, 2.218062515E-02, 6.20210199, 7.370640634E-04, -2.06084698E-03, 1.02681429, 10.045413, 31.1246745
250.9125, 22.1485176, -5.022510215E-02, 14.6623833, 7.56021003, 23.6614835, 2.82897145E-03, -6.111343423E-03, 1.14120455, 1.45013177, 2.23827514E-02, 6.20386104, 7.374261608E-04, -2.058179862E-03, 1.0266745, 10.0393133, 31.0829602
251.4125, 22.1485176, -5.022643968E-02, 14.6472063, 7.55531309, 23.6424737, 2.832597691E-03, -6.109514067E-03, 1.14097789, 1.44570152, 2.25756429E-02, 6.2055837, 7.377802399E-04, -2.055572593E-03, 1.02653807, 10.0332139, 31.0418807
251.9125, 22.1485176, -5.022777167E-02, 14.6324934, 7.55057875, 23.6240663, 2.836127675E-03, -6.107730006E-03, 1.14075888, 1.44140151, 2.275965245E-02, 6.20727058, 7.381264477E-04, -2.053037682E-03, 1.02640494, 10.0271154, 31.0014206
252.4125, 22.1485176, -5.0229098E-02, 14.6182289, 7.54600164, 23.6062408, 2.839563942E-03, -6.105983874E-03, 1.14054725, 1.43722749, 2.293526717E-02, 6.20892176, 7.384649233E-04, -2.05057087E-03, 1.02627503, 10.0210188, 30.9615661
252.9125, 22.1485176, -5.023041859E-02, 14.6043977, 7.54157573, 23.5889771, 2.842908746E-03, -6.104260951E-03, 1.14034273, 1.43317551, 2.310283989E-02, 6.21053814, 7.387957565E-04, -2.048170564E-03, 1.02614831, 10.0149245, 30.922298
253.4125, 22.1485176, -5.023173334E-02, 14.5909852, 7.53729577, 23.5722559, 2.8461647E-03, -6.102574243E-03, 1.1401451, 1.42924168, 2.326274293E-02, 6.21212009, 7.391190974E-04, -2.045827764E-03, 1.02602471, 10.0088325, 30.8836033
253.9125, 22.1485176, -5.023304217E-02, 14.5779775, 7.53315628, 23.5560576, 2.849334343E-03, -6.100924969E-03, 1.13995411, 1.4254223, 2.341535403E-02, 6.21366779, 7.394350443E-04, -2.04354819E-03, 1.02590418, 10.0027444, 30.84547
254.4125, 22.0517044, -5.025246926E-02, 14.5997387, 7.54200031, 23.5862193, 2.855085778E-03, -6.104033226E-03, 1.14132866, 1.42980159, 2.276578225E-02, 6.22016057, 7.405896479E-04, -2.041185382E-03, 1.02720895, 9.95810223, 30.868336
254.9125, 22.0517044, -5.025365887E-02, 14.5871485, 7.53796938, 23.5704949, 2.8581278E-03, -6.10251136E-03, 1.14114974, 1.42612968, 2.293975216E-02, 6.22161851, 7.408917905E-04, -2.038547869E-03, 1.02710186, 9.95207811, 30.830955
255.4125, 22.0517044, -5.025496602E-02, 14.5749573, 7.53407657, 23.5553005, 2.861086356E-03, -6.100907629E-03, 1.14097233, 1.42256201, 2.30952538E-02, 6.22306628, 7.411882074E-04, -2.036377991E-03, 1.02698988, 9.94603229, 30.7941167
255.9125, 22.0517044, -5.025625354E-02, 14.5631296, 7.53031047, 23.5405748, 2.863966453E-03, -6.099353446E-03, 1.14080145, 1.41909703, 2.324504307E-02, 6.2244803, 7.414775804E-04, -2.034222643E-03, 1.02688159, 9.93999315, 30.7577891
256.4125, 22.0517044, -5.025753661E-02, 14.5516542, 7.52666723, 23.5263065, 2.866769518E-03, -6.097827501E-03, 1.14063634, 1.4157313, 2.338799707E-02, 6.22586376, 7.41760206E-04, -2.032106548E-03, 1.02677599, 9.93395925, 30.7219648
256.9125, 22.0517044, -5.025881349E-02, 14.5405208, 7.52314259, 23.5124796, 2.869498253E-03, -6.096326777E-03, 1.14047686, 1.41246173, 2.352464121E-02, 6.22721696, 7.420361673E-04, -2.030053588E-03, 1.02667312, 9.9279306, 30.6866329
257.4125, 22.0517044, -5.026008431E-02, 14.5297173, 7.51973231, 23.4990794, 2.872153842E-03, -6.094861608E-03, 1.14032283, 1.40928522, 2.365523792E-02, 6.22854032, 7.423056274E-04, -2.02803861E-03, 1.02657291, 9.92190862, 30.651778
257.9125, 22.0517044, -5.026134902E-02, 14.5192332, 7.51643179, 23.4860908, 2.874738833E-03, -6.093405246E-03, 1.14017405, 1.40619882, 2.378002754E-02, 6.22983465, 7.42568667E-04, -2.026076422E-03, 1.02647534, 9.91589285, 30.6173904
258.4125, 22.0517044, -5.026260758E-02, 14.5090568, 7.51323736, 23.4734993, 2.877254679E-03, -6.091990663E-03, 1.14003036, 1.40319971, 2.389934145E-02, 6.23110009, 7.428254009E-04, -2.024157213E-03, 1.02638033, 9.90988374, 30.5834611
258.9125, 22.0517044, -5.026385997E-02, 14.4991791, 7.51014526, 23.4612925, 2.879703352E-03, -6.090587172E-03, 1.13989159, 1.4002851, 2.401341781E-02, 6.23233723, 7.430760006E-04, -2.022278597E-03, 1.02628786, 9.9038818, 30.5499757
259.4125, 22.0517044, -5.026510614E-02, 14.4895899, 7.50715252, 23.4494569, 2.882086864E-03, -6.08921419E-03, 1.1397576, 1.39745233, 2.412250259E-02, 6.2335469, 7.433205221E-04, -2.020446604E-03, 1.02619786, 9.89788771, 30.5169279
259.9125, 22.0517044, -5.02663461E-02, 14.4802793, 7.50425459, 23.4379794, 2.884406509E-03, -6.08786906E-03, 1.1396282, 1.39469878, 2.422682777E-02, 6.23472933, 7.43559159E-04, -2.018645064E-03, 1.0261103, 9.89190079, 30.4843058
260.4125, 22.0517044, -5.026757982E-02, 14.4712395, 7.50144855, 23.4268491, 2.886664101E-03, -6.086536226E-03, 1.13950327, 1.39202202, 2.432662558E-02, 6.23588487, 7.437919806E-04, -2.016885667E-03, 1.02602512, 9.88592244, 30.4520983
260.9125, 22.0517044, -5.026880729E-02, 14.4624597, 7.49873137, 23.4160526, 2.888861416E-03, -6.085235081E-03, 1.13938265, 1.38941953, 2.442210705E-02, 6.23701449, 7.440191033E-04, -2.015165275E-03, 1.02594229, 9.87995244, 30.4203005
261.4125, 22.0517044, -5.027002851E-02, 14.4539323, 7.49609935, 23.4055799, 2.890999827E-03, -6.083949564E-03, 1.13926623, 1.38688905, 2.45134915E-02, 6.23811843, 7.44240646E-04, -2.013468295E-03, 1.02586175, 9.87399078, 30.3888973
261.9125, 22.0517044, -5.027124346E-02, 14.4456492, 7.49355025, 23.3954204, 2.893080918E-03, -6.082684107E-03, 1.13915386, 1.38442817, 2.460095702E-02, 6.23919727, 7.444567023E-04, -2.011815678E-03, 1.02578347, 9.8680389, 30.3578852
262.4125, 22.0517044, -5.027245216E-02, 14.4376022, 7.4910805, 23.3855622, 2.895106462E-03, -6.081443282E-03, 1.1390454, 1.38203482, 2.468468282E-02, 6.24025159, 7.446674264E-04, -2.010195617E-03, 1.02570737, 9.8620956, 30.3272541
262.9125, 22.0517044, -5.027365461E-02, 14.4297842, 7.4886876, 23.3759962, 2.89707753E-03, -6.080216292E-03, 1.13894073, 1.37970681, 2.476490467E-02, 6.24128146, 7.448729128E-04, -2.008603086E-03, 1.02563345, 9.85616184, 30.2969925
263.4125, 22.0517044, -5.027485082E-02, 14.4221865, 7.48636914, 23.3667131, 2.898995781E-03, -6.079010688E-03, 1.13883973, 1.37744208, 2.484174528E-02, 6.24228772, 7.450733011E-04, -2.007040046E-03, 1.02556165, 9.85023833, 30.267098
263.9125, 22.0517044, -5.027604079E-02, 14.4148026, 7.48412193, 23.357702, 2.900862388E-03, -6.077826046E-03, 1.13874231, 1.37523861, 2.491535933E-02, 6.24327094, 7.452686126E-04, -2.005503124E-03, 1.02549193, 9.84432507, 30.2375572
264.4125, 22.0180473, -5.028388425E-02, 14.4195184, 7.48639694, 23.364829, 2.903603331E-03, -6.078359959E-03, 1.13917371, 1.37591388, 2.468626443E-02, 6.24607575, 7.457576346E-04, -2.004113488E-03, 1.02590231, 9.8250258, 30.2293298
264.9125, 22.0180473, -5.028502314E-02, 14.41242, 7.48423068, 23.3561563, 2.905384524E-03, -6.077220917E-03, 1.13908292, 1.373803, 2.476633988E-02, 6.24700599, 7.45943548E-04, -2.002482223E-03, 1.02583925, 9.8191526, 30.2003797
265.4125, 22.0180473, -5.028619976E-02, 14.4055267, 7.48213305, 23.3477498, 2.90711679E-03, -6.076080021E-03, 1.13899375, 1.37174792, 2.483934192E-02, 6.24792269, 7.461251986E-04, -2.001000407E-03, 1.02577538, 9.81327868, 30.1717666
265.9125, 22.0180473, -5.028736545E-02, 14.3988246, 7.48009952, 23.3395869, 2.908802665E-03, -6.074952866E-03, 1.13890796, 1.36974752, 2.490982555E-02, 6.24881717, 7.463022035E-04, -1.999537228E-03, 1.02571373, 9.80741716, 30.1434847
266.4125, 22.0180473, -5.028852564E-02, 14.3923069, 7.47812785, 23.3316595, 2.910443072E-03, -6.073852463E-03, 1.13882528, 1.36779998, 2.497745573E-02, 6.24969097, 7.464746786E-04, -1.998098957E-03, 1.02565391, 9.80156637, 30.1155239
266.9125, 22.0180473, -5.028967976E-02, 14.3859687, 7.47621612, 23.3239609, 2.91203931E-03, -6.07275766E-03, 1.13874561, 1.36590361, 2.504239967E-02, 6.25054447, 7.466427622E-04, -1.996687889E-03, 1.02559592, 9.79572559, 30.0878798
267.4125, 22.0180473, -5.029082788E-02, 14.3798042, 7.47436207, 23.3164835, 2.913592166E-03, -6.071681592E-03, 1.13866886, 1.36405684, 2.510478202E-02, 6.2513783, 7.468065013E-04, -1.995289462E-03, 1.02553973, 9.78989626, 30.0605448
267.9125, 22.0180473, -5.029197003E-02, 14.3738078, 7.47256377, 23.3092192, 2.915103184E-03, -6.070622083E-03, 1.13859493, 1.36225812, 2.516476482E-02, 6.25219254, 7.46966012E-04, -1.993923029E-03, 1.0254853, 9.78407789, 30.0335112
268.4125, 22.0180473, -5.029310622E-02, 14.3679739, 7.47081934, 23.3021617, 2.916573439E-03, -6.069570795E-03, 1.13852375, 1.36050588, 2.522243356E-02, 6.25298784, 7.471214147E-04, -1.992570144E-03, 1.02543258, 9.77827121, 30.0067757
268.9125, 22.0180473, -5.029423649E-02, 14.3622974, 7.4691272, 23.2953045, 2.918003602E-03, -6.068541705E-03, 1.13845524, 1.35879873, 2.527792081E-02, 6.25376426, 7.472727763E-04, -1.991241356E-03, 1.02538155, 9.77247573, 29.980331
269.4125, 22.0180473, -5.029536086E-02, 14.3567728, 7.46748532, 23.2886397, 2.919395193E-03, -6.067522704E-03, 1.13838929, 1.3571352, 2.533128062E-02, 6.25452265, 7.474201817E-04, -1.989928985E-03, 1.02533216, 9.76669169, 29.9541718
269.9125, 22.0180473, -5.029647937E-02, 14.3513953, 7.46589216, 23.2821618, 2.920749007E-03, -6.066520019E-03, 1.13832586, 1.35551395, 2.538270769E-02, 6.25526328, 7.475637335E-04, -1.988634789E-03, 1.02528439, 9.76091958, 29.928293
270.4125, 22.0180473, -5.029759204E-02, 14.3461614, 7.46434575, 23.2758654, 2.922066209E-03, -6.065525503E-03, 1.13826483, 1.35393367, 2.543227899E-02, 6.25598638, 7.477034814E-04, -1.987363903E-03, 1.0252382, 9.75515819, 29.9026868
270.9125, 22.0180473, -5.029869891E-02, 14.3410652, 7.46284448, 23.2697428, 2.923347342E-03, -6.06454462E-03, 1.13820617, 1.35239305, 2.548003224E-02, 6.25669229, 7.478395911E-04, -1.986101796E-03, 1.02519356, 9.74941016, 29.8773489
271.4125, 22.0180473, -5.029980001E-02, 14.3361027, 7.4613868, 23.2637898, 2.924593744E-03, -6.063587995E-03, 1.13814978, 1.35089087, 2.552612443E-02, 6.25738179, 7.479720697E-04, -1.984863201E-03, 1.02515043, 9.74367333, 29.8522749
271.9125, 22.0180473, -5.030089538E-02, 14.3312698, 7.45997193, 23.2580007, 2.925806122E-03, -6.062635719E-03, 1.13809561, 1.34942593, 2.557059012E-02, 6.25805485, 7.481010183E-04, -1.98363999E-03, 1.02510878, 9.73794914, 29.8274592
272.4125, 22.0180473, -5.030198504E-02, 14.3265623, 7.45859747, 23.2523694, 2.926985404E-03, -6.061694135E-03, 1.13804358, 1.34799698, 2.561354725E-02, 6.25871215, 7.482265369E-04, -1.982430197E-03, 1.0250686, 9.73223687, 29.802897
272.9125, 22.0180473, -5.030306904E-02, 14.3219762, 7.45726293, 23.2468921, 2.928132365E-03, -6.060765759E-03, 1.13799362, 1.34660301, 2.565505947E-02, 6.25935379, 7.483486949E-04, -1.981237855E-03, 1.02502983, 9.72653652, 29.7785824
273.4125, 22.0180473, -5.030414742E-02, 14.3175073, 7.45596664, 23.2415622, 2.929248121E-03, -6.059841758E-03, 1.1379457, 1.34524293, 2.569521493E-02, 6.25997996, 7.484675685E-04, -1.98005882E-03, 1.02499245, 9.72084833, 29.7545122
273.9125, 22.0180473, -5.030522021E-02, 14.3131535, 7.45470686, 23.2363763, 2.930333184E-03, -6.058936953E-03, 1.13789974, 1.34391557, 2.573405526E-02, 6.26059151, 7.485832563E-04, -1.978893835E-03, 1.02495643, 9.71517373, 29.7306814
274.4125, 22.0063095, -5.030868062E-02, 14.3130449, 7.45503364, 23.2368525, 2.931710478E-03, -6.058652451E-03, 1.13803564, 1.34360486, 2.566265281E-02, 6.2618536, 7.488007022E-04, -1.977807713E-03, 1.02508527, 9.70484019, 29.7143874
274.9125, 22.0063095, -5.030972855E-02, 14.3088656, 7.45382485, 23.2318761, 2.932741531E-03, -6.057760211E-03, 1.13799338, 1.34233173, 2.57034441E-02, 6.26243371, 7.489103067E-04, -1.976617999E-03, 1.02505281, 9.69919635, 29.6909894
275.4125, 22.0063095, -5.031078651E-02, 14.3047942, 7.45265077, 23.2270382, 2.9337438E-03, -6.0568798E-03, 1.13795231, 1.34108837, 2.574169101E-02, 6.26300269, 7.490170777E-04, -1.975477637E-03, 1.02502066, 9.69356132, 29.6678187
275.9125, 22.0063095, -5.031183736E-02, 14.3008229, 7.45150979, 23.2223266, 2.934718531E-03, -6.056015718E-03, 1.13791311, 1.33987422, 2.577891712E-02, 6.26355801, 7.491209196E-04, -1.974353351E-03, 1.02498986, 9.68793941, 29.6448712
276.4125, 22.0063095, -5.031288305E-02, 14.2969506, 7.45040094, 23.2177393, 2.935666515E-03, -6.055157028E-03, 1.13787561, 1.33868825, 2.581501268E-02, 6.26410013, 7.492218939E-04, -1.973241681E-03, 1.02496026, 9.68233085, 29.6221422
276.9125, 22.0063095, -5.031392342E-02, 14.2931737, 7.44932256, 23.2132716, 2.936588088E-03, -6.05430246E-03, 1.13783976, 1.3375296, 2.585007157E-02, 6.26462924, 7.493200782E-04, -1.972134536E-03, 1.02493186, 9.67673445, 29.5996268
277.4125, 22.0063095, -5.031495852E-02, 14.28949, 7.44827368, 23.2089207, 2.937484064E-03, -6.053468016E-03, 1.13780553, 1.33639751, 2.588416831E-02, 6.26514577, 7.494155467E-04, -1.971042461E-03, 1.02490462, 9.67115045, 29.5773245
277.9125, 22.0063095, -5.031598838E-02, 14.285895, 7.44725409, 23.2046815, 2.938355512E-03, -6.052641439E-03, 1.13777285, 1.33529102, 2.591731602E-02, 6.26565002, 7.495083658E-04, -1.969960582E-03, 1.02487853, 9.66557933, 29.5552282
278.4125, 22.0063095, -5.031701306E-02, 14.282387, 7.44626228, 23.2005518, 2.939202618E-03, -6.051821532E-03, 1.13774171, 1.33420947, 2.594958264E-02, 6.26614223, 7.495985604E-04, -1.968884965E-03, 1.02485354, 9.66002084, 29.5333354
278.9125, 22.0063095, -5.031803258E-02, 14.278963, 7.44529747, 23.1965274, 2.940026013E-03, -6.051007705E-03, 1.13771203, 1.33315198, 2.598101794E-02, 6.26662266, 7.496862569E-04, -1.967823886E-03, 1.02482964, 9.65447522, 29.5116414
279.4125, 22.0063095, -5.0319047E-02, 14.2756205, 7.44435838, 23.1926043, 2.940826385E-03, -6.050206367E-03, 1.1376838, 1.3321179, 2.601168875E-02, 6.26709153, 7.497714947E-04, -1.966773879E-03, 1.02480681, 9.64894272, 29.4901466
279.9125, 22.0063095, -5.032005634E-02, 14.2723569, 7.44344437, 23.1887801, 2.94160447E-03, -6.049413285E-03, 1.13765695, 1.33110647, 2.604160726E-02, 6.26754923, 7.498543151E-04, -1.965727503E-03, 1.02478503, 9.64342237, 29.4688433
280.4125, 22.0063095, -5.032106066E-02, 14.2691705, 7.44255532, 23.1850524, 2.942360851E-03, -6.048623666E-03, 1.13763146, 1.33011699, 2.607081697E-02, 6.26799621, 7.499347563E-04, -1.964687854E-03, 1.02476426, 9.63791538, 29.4477302
280.9125, 22.0063095, -5.032205999E-02, 14.2660575, 7.4416893, 23.1814169, 2.943095767E-03, -6.047842802E-03, 1.13760728, 1.32914875, 2.609935386E-02, 6.2684321, 7.500129138E-04, -1.963659807E-03, 1.02474449, 9.63242079, 29.4268028
281.4125, 22.0063095, -5.032305437E-02, 14.2630168, 7.44084674, 23.1778715, 2.943810324E-03, -6.047068518E-03, 1.13758438, 1.32820117, 2.612732028E-02, 6.26885795, 7.500888125E-04, -1.962644684E-03, 1.02472569, 9.62693978, 29.4060584
281.9125, 22.0063095, -5.032404385E-02, 14.2600453, 7.44002587, 23.1744124, 2.944504494E-03, -6.046305859E-03, 1.13756271, 1.32727356, 2.615465631E-02, 6.26927318, 7.501625645E-04, -1.961630758E-03, 1.02470785, 9.62147141, 29.3854964
282.4125, 22.0063095, -5.032502846E-02, 14.2571424, 7.4392264, 23.1710384, 2.945179143E-03, -6.04554941E-03, 1.13754226, 1.32636531, 2.618146033E-02, 6.26967871, 7.502341345E-04, -1.960629558E-03, 1.02469093, 9.61601592, 29.3651097
282.9125, 22.0063095, -5.032600824E-02, 14.2543041, 7.43844777, 23.1677455, 2.945834581E-03, -6.044806561E-03, 1.13752296, 1.32547583, 2.6207762E-02, 6.27007452, 7.50303637E-04, -1.959633847E-03, 1.02467493, 9.61057425, 29.3448982
283.4125, 22.0063095, -5.032698324E-02, 14.2515296, 7.43768889, 23.1645313, 2.946471545E-03, -6.044051072E-03, 1.13750481, 1.3246046, 2.623356337E-02, 6.27046097, 7.503710921E-04, -1.958644388E-03, 1.02465981, 9.60514451, 29.324859
283.9125, 22.0063095, -5.03279535E-02, 14.2488169, 7.43694963, 23.1613943, 2.947090193E-03, -6.043320741E-03, 1.13748776, 1.32375103, 2.62588888E-02, 6.2708379, 7.504365971E-04, -1.957669316E-03, 1.02464557, 9.59972788, 29.3049875
284.4125, 22.0022068, -5.032976901E-02, 14.2476061, 7.4367702, 23.1602579, 2.947803764E-03, -6.042808561E-03, 1.13753401, 1.32325902, 2.624475733E-02, 6.2714425, 7.50536924E-04, -1.956724068E-03, 1.02468868, 9.5926931, 29.2878309
284.9125, 22.0022068, -5.0330725E-02, 14.2449963, 7.436061, 23.1572451, 2.948389501E-03, -6.042085186E-03, 1.13751906, 1.32243622, 2.627079594E-02, 6.27180064, 7.5059865E-04, -1.955738165E-03, 1.02467643, 9.5873046, 29.2682787
285.4125, 22.0022068, -5.033168183E-02, 14.2424439, 7.43536987, 23.1543042, 2.948957939E-03, -6.041366086E-03, 1.13750491, 1.32162953, 2.629595099E-02, 6.27215132, 7.506585715E-04, -1.954770282E-03, 1.02466467, 9.5819285, 29.2488863
285.9125, 22.0022068, -5.033263348E-02, 14.2399466, 7.43469624, 23.151432, 2.949510331E-03, -6.040653886E-03, 1.13749178, 1.3208385, 2.632074168E-02, 6.2724936, 7.507166763E-04, -1.953811248E-03, 1.02465372, 9.57656503, 29.2296524
286.4125, 22.0022068, -5.033358068E-02, 14.2375023, 7.43403903, 23.1486251, 2.950046521E-03, -6.039955466E-03, 1.13747962, 1.32006271, 2.63451496E-02, 6.27282755, 7.507730496E-04, -1.952858734E-03, 1.02464355, 9.57121397, 29.2105755
286.9125, 22.0022068, -5.033452338E-02, 14.2351098, 7.43339827, 23.1458828, 2.950567463E-03, -6.039255473E-03, 1.1374684, 1.31930168, 2.636923297E-02, 6.27315371, 7.508277049E-04, -1.951908953E-03, 1.02463414, 9.56587649, 29.1916508
287.4125, 22.0022068, -5.033546164E-02, 14.2327674, 7.432773, 23.1432027, 2.951073029E-03, -6.03857579E-03, 1.13745807, 1.31855491, 2.639298003E-02, 6.27347165, 7.508806998E-04, -1.950965181E-03, 1.02462546, 9.56055189, 29.1728764
287.9125, 22.0022068, -5.033639548E-02, 14.2304736, 7.43216325, 23.1405827, 2.951564027E-03, -6.037878786E-03, 1.13744864, 1.31782202, 2.641644542E-02, 6.2737824, 7.509320637E-04, -1.950028553E-03, 1.02461751, 9.55523921, 29.1542514
288.4125, 22.0022068, -5.033732496E-02, 14.2282272, 7.43156774, 23.1380209, 2.9520407E-03, -6.037198923E-03, 1.13744006, 1.31710259, 2.643957533E-02, 6.27408539, 7.509818153E-04, -1.949098565E-03, 1.02461025, 9.54994036, 29.1357733
288.9125, 22.0022068, -5.03382501E-02, 14.2260268, 7.4309867, 23.1355168, 2.952503224E-03, -6.036525035E-03, 1.13743232, 1.31639623, 2.646248653E-02, 6.27438136, 7.510300489E-04, -1.948170417E-03, 1.02460369, 9.54465438, 29.1174378
289.4125, 22.0022068, -5.033917095E-02, 14.2238704, 7.43041966, 23.1330671, 2.952952357E-03, -6.035853761E-03, 1.13742541, 1.31570252, 2.6485147E-02, 6.27467022, 7.5107673E-04, -1.94724763E-03, 1.0245978, 9.53938056, 29.0992444
289.9125, 22.0022068, -5.034008754E-02, 14.2217573, 7.42986583, 23.1306699, 2.953388127E-03, -6.035187832E-03, 1.13741926, 1.31502105, 2.650758609E-02, 6.27495194, 7.511219955E-04, -1.946331353E-03, 1.02459256, 9.53412081, 29.0811908
290.4125, 22.0022068, -5.034099991E-02, 14.2196863, 7.42932498, 23.1283255, 2.953810882E-03, -6.03452458E-03, 1.1374139, 1.31435155, 2.652981901E-02, 6.27522713, 7.511657906E-04, -1.945420039E-03, 1.02458797, 9.52887321, 29.0632764
290.9125, 22.0022068, -5.034190809E-02, 14.2176551, 7.42879685, 23.1260307, 2.954221007E-03, -6.03387932E-03, 1.13740927, 1.31369355, 2.655182376E-02, 6.27549558, 7.51208204E-04, -1.944510208E-03, 1.024584, 9.52363802, 29.0454951
291.4125, 22.0022068, -5.034281214E-02, 14.215664, 7.42828082, 23.1237844, 2.954619111E-03, -6.033227181E-03, 1.13740537, 1.31304677, 2.657365865E-02, 6.27575781, 7.512492346E-04, -1.943602816E-03, 1.02458064, 9.51841617, 29.0278496
291.9125, 22.0022068, -5.034371207E-02, 14.2137115, 7.42777636, 23.1215856, 2.955005143E-03, -6.032584435E-03, 1.13740218, 1.3124109, 2.659531657E-02, 6.27601369, 7.512889592E-04, -1.942706039E-03, 1.02457787, 9.51320673, 29.0103343
292.4125, 22.0022068, -5.034460793E-02, 14.2117955, 7.42728368, 23.1194324, 2.955379494E-03, -6.031938884E-03, 1.13739967, 1.31178559, 2.661686849E-02, 6.2762634, 7.513273478E-04, -1.941812281E-03, 1.0245757, 9.50800992, 28.9929487
292.9125, 22.0022068, -5.034549976E-02, 14.2099158, 7.42680182, 23.1173232, 2.955742674E-03, -6.031307938E-03, 1.13739782, 1.31117048, 2.663822419E-02, 6.27650724, 7.513645007E-04, -1.940922137E-03, 1.02457408, 9.50282646, 28.9756898
293.4125, 22.0022068, -5.034638758E-02, 14.2080709, 7.4263308, 23.1152569, 2.956094714E-03, -6.030677331E-03, 1.13739663, 1.31056533, 2.665947388E-02, 6.27674534, 7.514003806E-04, -1.940039121E-03, 1.02457303, 9.49765468, 28.9585582
293.9125, 22.0022068, -5.034727144E-02, 14.2062602, 7.42587017, 23.1132327, 2.956436223E-03, -6.030054263E-03, 1.13739606, 1.3099699, 2.668058061E-02, 6.2769774, 7.514351212E-04, -1.939152544E-03, 1.02457252, 9.4924965, 28.941551
294.4125, 22.0010433, -5.034839434E-02, 14.204892, 7.42557317, 23.1117958, 2.956798904E-03, -6.029494187E-03, 1.13741366, 1.30948143, 2.669043233E-02, 6.27727189, 7.514790578E-04, -1.938287532E-03, 1.02458848, 9.48688794, 28.925387
294.9125, 22.0010433, -5.034926898E-02, 14.2031418, 7.42513041, 23.1098447, 2.95711997E-03, -6.028880779E-03, 1.1374143, 1.30890361, 2.671177273E-02, 6.27749294, 7.515114796E-04, -1.937407028E-03, 1.0245891, 9.48175574, 28.90862
295.4125, 22.0010433, -5.03501413E-02, 14.2014233, 7.4246976, 23.1079329, 2.957431115E-03, -6.028273718E-03, 1.13741544, 1.30833458, 2.673288808E-02, 6.27770913, 7.515427558E-04, -1.936533525E-03, 1.02459013, 9.47663523, 28.891971
295.9125, 22.0010433, -5.035100963E-02, 14.1997356, 7.42427406, 23.106059, 2.957732537E-03, -6.027662908E-03, 1.13741718, 1.30777419, 2.675392135E-02, 6.27792011, 7.515729891E-04, -1.935662369E-03, 1.02459166, 9.47152758, 28.8754393
296.4125, 22.0010433, -5.035187419E-02, 14.1980777, 7.42385903, 23.1042207, 2.958024575E-03, -6.027055668E-03, 1.13741945, 1.30722209, 2.677485003E-02, 6.27812598, 7.5160213E-04, -1.934802102E-03, 1.02459367, 9.46643186, 28.8590224
296.9125, 22.0010433, -5.0352735E-02, 14.1964481, 7.42345311, 23.1024173, 2.958307373E-03, -6.026457389E-03, 1.13742225, 1.3066781, 2.679572136E-02, 6.27832698, 7.516302691E-04, -1.933938715E-03, 1.02459615, 9.46134926, 28.8427221
297.4125, 22.0010433, -5.035359208E-02, 14.1948459, 7.42305594, 23.1006486, 2.958581215E-03, -6.025864024E-03, 1.13742558, 1.306142, 2.681655147E-02, 6.2785232, 7.516573671E-04, -1.933081903E-03, 1.02459908, 9.45627952, 28.8265314
297.9125, 22.0010433, -5.035444548E-02, 14.1932713, 7.42266645, 23.0989119, 2.958846421E-03, -6.025265585E-03, 1.13742941, 1.30561352, 2.683728527E-02, 6.27871479, 7.51683508E-04, -1.932226271E-03, 1.02460246, 9.451221, 28.8104531
298.4125, 22.0010433, -5.035529522E-02, 14.1917229, 7.4222849, 23.0972083, 2.959102955E-03, -6.024677001E-03, 1.13743372, 1.30509249, 2.685797451E-02, 6.27890181, 7.517086965E-04, -1.931369926E-03, 1.02460627, 9.44617558, 28.7944838
298.9125, 22.0010433, -5.035614134E-02, 14.1901992, 7.4219115, 23.095535, 2.959351314E-03, -6.024100795E-03, 1.1374385, 1.30457862, 2.687861475E-02, 6.27908446, 7.517329441E-04, -1.930519572E-03, 1.02461052, 9.44114257, 28.778622
299.4125, 22.0010433, -5.035698387E-02, 14.1887017, 7.42154534, 23.0938927, 2.959591704E-03, -6.023507953E-03, 1.13744376, 1.30407179, 2.68992274E-02, 6.27926269, 7.517562971E-04, -1.929671919E-03, 1.02461516, 9.43612266, 28.762867
299.70625, 22.0010433, -5.035747762E-02, 14.1878318, 7.42133363, 23.0929406, 2.959729197E-03, -6.023178394E-03, 1.13744706, 1.303777, 2.691128706E-02, 6.27936558, 7.517695961E-04, -1.929178198E-03, 1.0246181, 9.433177, 28.7536499
300, 22.0010433, -5.035797016E-02, 14.1869707, 7.42112456, 23.0919992, 2.959863974E-03, -6.022840891E-03, 1.13745052, 1.30348448, 2.692338633E-02, 6.27946701, 7.517825804E-04, -1.928683819E-03, 1.02462116, 9.43023539, 28.7444669
